Category,Dataset title,Version,Contact organisation,Dataset ID,Associated metadata?,Webpage and/or download,Factsheet URL,Country,Region,DIC_MET_ACCESS_USE_CONSTRAINT.NAME,License URL,Open Access,Marine Spatial Planning & Policy,Education,Environmental Impact & high-level screening,Ecosystem health & assessment,Ecosystem services and blue carbon,Metadata link,Language,ABNJ_rel,ABNJ_Project
Administration,"Areas of Special Importance For Cetaceans of the Black Sea, Mediterranean Sea and contiguous Atlantic areas (ACCOBAMS)",,"The Agreement on the Conservation of Cetaceans of the Black Sea, Mediterranean Sea and contiguous Atlantic area",ACCOBAMS-001,FALSE,mailto:oceanplus@unep-wcmc.org,,Albania; Algeria; Bulgaria; Croatia; Cyprus; Egypt; France; Georgia; Greece; Italy; Lebanon; Libya; Malta; Monaco; Montenegro; Morocco; Portugal; Romania; Slovenia; Spain; Syrian Arab Republic; Tunisia; Turkey; Ukraine,Black Sea; Mediterranean; Areas Beyond National Jurisdiction (ABNJ),Not Reported,mailto:oceanplus@unep-wcmc.org,FALSE,TRUE,FALSE,TRUE,FALSE,FALSE,,ara; spa; fre (B); rus; eng,TRUE,FALSE
Administration,"Area of Competence for the Areas of Special Importance For Cetaceans of the Black Sea, Mediterranean Sea and contiguous Atlantic areas (ACCOBAMS)",,"The Agreement on the Conservation of Cetaceans of the Black Sea, Mediterranean Sea and contiguous Atlantic area",ACCOBAMS-002,FALSE,mailto:oceanplus@unep-wcmc.org,,Albania; Algeria; Bulgaria; Croatia; Cyprus; Egypt; France; Georgia; Greece; Italy; Lebanon; Libya; Malta; Monaco; Montenegro; Morocco; Portugal; Romania; Slovenia; Spain; Syrian Arab Republic; Tunisia; Turkey; Ukraine,Black Sea; Mediterranean; Areas Beyond National Jurisdiction (ABNJ),Not Reported,mailto:oceanplus@unep-wcmc.org,FALSE,TRUE,FALSE,FALSE,FALSE,FALSE,,eng; ara; spa; fre (B); rus,TRUE,FALSE
Biodiversity-related data portal,Marine Spatial Atlas for the Western Indian Ocean (MASPAWIO),1.0 (2018),Coastal Oceans Research and Development Indian Ocean East Africa,CORDIO-001,FALSE,http://maspawio.net/layers/?limit=100&offset=0,,Somalia; Kenya; Tanzania; Mozambique; Madagascar; Eswatini; South Africa; Seychelles; Comoros; Mayotte; Mauritius; Reunion,Eastern Africa,Specific Terms of Use,http://maspawio.net/layers/?limit=100&offset=0,FALSE,TRUE,TRUE,TRUE,FALSE,TRUE,,eng,FALSE,FALSE
Biodiversity-related data portal,Atlas of Living Australia (ALA),Updated regularly,Commonwealth Scientific and Industrial Research Organisation,CSIRO-001,TRUE,https://www.ala.org.au,,Australia,Pacific,Specific Terms of Use,https://www.ala.org.au/who-we-are/terms-of-use/,FALSE,TRUE,FALSE,FALSE,TRUE,FALSE,https://www.unep-wcmc.org/system/dataset_file_fields/files/000/000/341/original/McDermott_Long_et_al_-_OceanPlus_Library_-_8_Mar_2019.pdf?1552301984#page=282,eng,FALSE,FALSE
Biodiversity-related data portal,European Atlas of the Seas,Please refer to the original dataset.,Directorate General on Maritime Affairs and Fisheries of the European Commission,DGMARE-001,TRUE,https://ec.europa.eu/maritimeaffairs/atlas/maritime_atlas/,,Belgium; Bulgaria; Croatia; Cyprus; Denmark; Estonia; Finland; France; Germany; Greece; Ireland; Italy; Latvia; Lithuania; Malta; Netherlands; Norway; Poland; Portugal; Romania; Slovenia; Spain; Sweden; United Kingdom of Great Britain and Northern Ireland,Baltic; Black Sea; North-East Atlantic; Mediterranean; Areas Beyond National Jurisdiction (ABNJ),Specific Terms of Use,https://ec.europa.eu/maritimeaffairs/atlas/maritime_atlas/disclaimer.html,TRUE,TRUE,TRUE,TRUE,TRUE,TRUE,https://www.unep-wcmc.org/system/dataset_file_fields/files/000/000/341/original/McDermott_Long_et_al_-_OceanPlus_Library_-_8_Mar_2019.pdf?1552301984#page=279,eng,TRUE,FALSE
Ecological status and impact,"Conservation status of habitat types and species (Article 17, Habitats Directive 92/43/EEC)",,European Environmental Agency,EEA-002,FALSE,https://www.eea.europa.eu/data-and-maps/data/article-17-database-habitats-directive-92-43-eec-1#tab-european-data,,Belgium; Bulgaria; Croatia; Cyprus; Denmark; Estonia; Finland; France; Germany; Greece; Ireland; Italy; Latvia; Lithuania; Malta; Netherlands; Norway; Poland; Portugal; Romania; Slovenia; Spain; Sweden; United Kingdom of Great Britain and Northern Ireland,Baltic; North-East Atlantic; Mediterranean; Black Sea; Areas Beyond National Jurisdiction (ABNJ),Specific Terms of Use,https://perspectives.eiu.com/sustainability/coastal-governance-index/article/coastal-governance-index-excel-model,FALSE,FALSE,FALSE,FALSE,TRUE,FALSE,,eng,TRUE,FALSE
Biodiversity-related data portal,EMODnet broad-scale seabed habitat map for Europe (EUSeaMap),,European Marine Observation and Data Network,EMODnet-001,FALSE,http://www.emodnet-seabedhabitats.eu/default.aspx?page=1934,,Albania; Azerbaijan; Belgium; Bosnia and Herzegovina; Bulgaria; Croatia; Cyprus; Denmark; Estonia; Finland; France; Georgia; Germany; Greece; Iceland; Ireland; Italy; Kazakhstan; Latvia; Lebanon; Lithuania; Malta; Monaco; Montenegro; Netherlands; Norway; Poland; Portugal; Romania; Russian Federation; Slovenia; Spain; Sweden; Turkey; Ukraine; United Kingdom of Great Britain and Northern Ireland,Baltic; Black Sea; Mediterranean; North-East Atlantic; Areas Beyond National Jurisdiction (ABNJ),Unrestricted,https://eol.org/docs/what-is-eol/terms-of-use/copyright-and-linking-policy,FALSE,TRUE,FALSE,FALSE,TRUE,TRUE,,eng,TRUE,FALSE
Biodiversity-related data portal,African Coastal and Marine Atlas,,Intergovernmental Oceanographic Commission of UNESCO,IOC-002,FALSE,http://www.africanmarineatlas.org/,,Comoros; France; Kenya; Madagascar; Mauritius; Mozambique; Seychelles; Somalia; Tanzania; South Africa; Angola; Benin; Cameroon; Cape Verde; Congo; Democratic Republic of Congo; Cote d'Ivoire; Equatorial Guinea; Guinea-Bissau; Liberia; Mauritania; Namibia; Nigeria; Sao Tome and Principe; Senegal; Sierra Leone; Togo; South Africa,Eastern Africa; West and Central Africa- WACAF; Areas Beyond National Jurisdiction (ABNJ),GNU (similar to CC BY-SA 4.0),http://geonetwork.iode.org/geonetworkAMA/docs/license.html,FALSE,TRUE,TRUE,TRUE,TRUE,TRUE,,eng,TRUE,FALSE
Biodiversity-related data portal,SPINCAM,1.0 (2009),Intergovernmental Oceanographic Commission of UNESCO,IOC-003,FALSE,http://atlasspincam.net/smartatlas/,,Peru; Colombia; Chile; Ecuador; Panama,Southeast Pacific; Areas Beyond National Jurisdiction (ABNJ),Not Reported,http://atlasspincam.net/smartatlas/,FALSE,TRUE,TRUE,TRUE,FALSE,TRUE,,eng; spa,TRUE,FALSE
Protected areas and areas of biodiversity importance,Areas of Particular Environmental Interest (APEI),1.0 (2012),International Seabed Authority,ISA-001,TRUE,https://www.isa.org.jm/maps,,Areas Beyond National Jurisdiction (ABNJ),Pacific; Areas Beyond National Jurisdiction (ABNJ),Specific Terms of Use,https://www.isa.org.jm/maps,FALSE,TRUE,FALSE,TRUE,FALSE,FALSE,https://www.unep-wcmc.org/system/dataset_file_fields/files/000/000/341/original/McDermott_Long_et_al_-_OceanPlus_Library_-_8_Mar_2019.pdf?1552301984#page=166,eng,TRUE,FALSE
Biodiversity-related data portal,Mid-Atlantic Ocean Data Portal,Variable,Mid Atlantic Regional Council of the Oceans,MARCO-001,TRUE,http://portal.midatlanticocean.org/data-catalog/,,United States of America,North-West Atlantic; Areas Beyond National Jurisdiction (ABNJ),Specific Terms of Use,http://portal.midatlanticocean.org/data-catalog/,FALSE,TRUE,TRUE,TRUE,TRUE,TRUE,https://www.unep-wcmc.org/system/dataset_file_fields/files/000/000/341/original/McDermott_Long_et_al_-_OceanPlus_Library_-_8_Mar_2019.pdf?1552301984#page=300,eng,TRUE,FALSE
Biogenic habitat,Modelled Spatial Distributions of Coralligenous and Maërl Habitats (2014),2014,UN Environment World Conservation Monitoring Centre,Mediseh-001,TRUE,http://www.emodnet-seabedhabitats.eu/default.aspx?page=1974,,Albania; Algeria; Croatia; Egypt; France; Greece; Israel; Italy; Lebanon; Montenegro; Morocco; Slovenia; Spain; Syrian Arab Republic; Tunisia; Turkey,Mediterranean; Areas Beyond National Jurisdiction (ABNJ),CC BY 3.0 or 4.0,http://gis.ices.dk/geonetwork/srv/eng/catalog.search#/metadata/43c7ac30-04da-479d-b5c1-ba621f0981e4,TRUE,TRUE,FALSE,TRUE,TRUE,TRUE,https://www.unep-wcmc.org/system/dataset_file_fields/files/000/000/341/original/McDermott_Long_et_al_-_OceanPlus_Library_-_8_Mar_2019.pdf?1552301984#page=36,eng,TRUE,FALSE
Biogenic habitat,Modelled Posidonia oceanica Distribution (2013),2013,"""Tor Vergata"" University of Rome",Mediseh-002,TRUE,http://www.emodnet-seabedhabitats.eu/default.aspx?page=1974,http://wcmc.io/seagrass,Albania; Algeria; Croatia; Egypt; France; Greece; Israel; Italy; Lebanon; Montenegro; Morocco; Slovenia; Spain; Syrian Arab Republic; Tunisia; Turkey,Mediterranean; Areas Beyond National Jurisdiction (ABNJ),CC BY-NC 3.0 or 4.0,http://gis.ices.dk/geonetwork/srv/eng/catalog.search#/metadata/43c7ac30-04da-479d-b5c1-ba621f0981e4,TRUE,TRUE,FALSE,TRUE,TRUE,TRUE,https://www.unep-wcmc.org/system/dataset_file_fields/files/000/000/341/original/McDermott_Long_et_al_-_OceanPlus_Library_-_8_Mar_2019.pdf?1552301984#page=61,eng,TRUE,FALSE
Biodiversity-related data portal,European Marine Spatial Platform,,European Marine Spatial Planning Platform,MSPplat-001,FALSE,http://msp-platform.eu/msp-practice/msp-projects,,Belgium; Bulgaria; Croatia; Cyprus; Denmark; Estonia; Finland; France; Germany; Greece; Ireland; Italy; Latvia; Lithuania; Malta; Netherlands; Norway; Poland; Portugal; Romania; Slovenia; Spain; Sweden; United Kingdom of Great Britain and Northern Ireland,Baltic; Black Sea; Mediterranean; North-East Atlantic; Areas Beyond National Jurisdiction (ABNJ),Not Reported,http://msp-platform.eu/msp-practice/msp-projects,FALSE,TRUE,FALSE,FALSE,FALSE,FALSE,,eng,TRUE,FALSE
Biogenic habitat,Mangrove Tree Height in Africa (2013),1.0 (September 2012),NASA Goddard Space Flight Centre,NASA-001,TRUE,mailto:oceanplus@unep-wcmc.org,http://wcmc.io/mangroves,Comoros; France; Kenya; Madagascar; Mauritius; Mozambique; Seychelles; Somalia; Tanzania; South Africa; Angola; Benin; Cameroon; Cape Verde; Congo; Democratic Republic of Congo; Cote d'Ivoire; Equatorial Guinea; Guinea-Bissau; Liberia; Mauritania; Namibia; Nigeria; Sao Tome and Principe; Senegal; Sierra Leone; Togo; South Africa,Eastern Africa; West and Central Africa- WACAF,UNEP-WCMC General Data Licence,https://www.unep-wcmc.org/policies/general-data-license-excluding-wdpa,FALSE,TRUE,FALSE,TRUE,TRUE,TRUE,https://www.unep-wcmc.org/system/dataset_file_fields/files/000/000/341/original/McDermott_Long_et_al_-_OceanPlus_Library_-_8_Mar_2019.pdf?1552301984#page=54,eng,FALSE,FALSE
Species distribution,National Biodiversity Network Atlas (NBN Atlas),1.0 (2017),National Biodiversity Network,NBN-001,FALSE,https://nbnatlas.org/,,United Kingdom of Great Britain and Northern Ireland,North-East Atlantic; Areas Beyond National Jurisdiction (ABNJ),Specific Terms of Use,https://docs.nbnatlas.org/data-licenses/,FALSE,FALSE,TRUE,FALSE,FALSE,FALSE,,eng,TRUE,FALSE
Biodiversity-related data portal,NSF Arctic Data Center,,"National Centre for Ecological Analysis and Synthesis, University of California",NCEAS-005,FALSE,https://arcticdata.io/,,Not applicable ,Arctic; Areas Beyond National Jurisdiction (ABNJ),CC BY 3.0 or 4.0,https://arcticdata.io/submit/#licensing-and-data-distribution,FALSE,FALSE,FALSE,TRUE,TRUE,FALSE,,eng,TRUE,FALSE
Biogenic habitat,Tropical Coastal Ecosystem Portal,1.0 (2018),National Institute for Environmental Studies,NIES-001,FALSE,http://www.nies.go.jp/TroCEP/index.html,,Global,Global,Not Reported,http://www.nies.go.jp/TroCEP/index.html,FALSE,TRUE,TRUE,FALSE,TRUE,TRUE,,eng,FALSE,FALSE
Protected areas and areas of biodiversity importance,ProtectedSeas Marine Area Map,Updated monthly,Anthropocene Institute,ProSeas-001,TRUE,https://protectedseas.net/,,Denmark; Norway; Sweden; Finland; Germany; United States of America; Canada; Antigua and Barbuda; Bahamas; Barbados; Belize; Colombia; Costa Rica; Cuba; Dominica; Dominican Republic; French Caribbean Territories; Grenada; Guatemala; Guyana; Haiti; Honduras; Jamaica; Mexico; Netherlands Caribbean Territories; Nicaragua; Panama; American Samoa; Northern Mariana Islands; Australia; Cook Islands; Palau; Federated States of Micronesia; Papua New Guinea; Fiji; Pitcairn Islands; French Polynesia; Solomon Islands; Guam; Tokelau; Kiribati; Tonga; Marshall Islands; Tuvalu; Nauru; Vanuatu,Areas Beyond National Jurisdiction (ABNJ); North-East Atlantic; North-West Atlantic; Pacific; Wider Caribbean,Specific Terms of Use,https://protectedseas.net/request-data,FALSE,TRUE,TRUE,TRUE,FALSE,FALSE,https://www.unep-wcmc.org/system/dataset_file_fields/files/000/000/341/original/McDermott_Long_et_al_-_OceanPlus_Library_-_8_Mar_2019.pdf?1552301984#page=140,eng; ger (B); dan; spa,FALSE,FALSE
Biodiversity-related data portal,Mediterranean Platform On Biodiversity,Variable,UN Environment Mediterranean Action Plan - Regional Activity Centre for Specially Protected Areas,RAC-SPA-002,TRUE,http://data.medchm.net/en/catalogue,,Albania; Algeria; Bosnia and Herzegovina; Croatia; Cyprus; Egypt; France; Greece; Israel; Italy; Lebanon; Libya; Malta; Monaco; Morocco; Serbia; Montenegro; Slovenia; Spain; Syrian Arab Republic; Tunisia; Turkey,Mediterranean; Areas Beyond National Jurisdiction (ABNJ),Specific Terms of Use,http://data.medchm.net/en/catalogue,FALSE,TRUE,TRUE,FALSE,TRUE,FALSE,https://www.unep-wcmc.org/system/dataset_file_fields/files/000/000/341/original/McDermott_Long_et_al_-_OceanPlus_Library_-_8_Mar_2019.pdf?1552301984#page=298,eng; fre (B),TRUE,FALSE
Ecological status and impact,Marine Mediterranean Invasive Alien Species Database (MAMIAS),1.0 (2012),UN Environment Mediterranean Action Plan - Regional Activity Centre for Specially Protected Areas,RAC-SPA-003,FALSE,http://mamias.org/,,Albania; Algeria; Bosnia and Herzegovina; Croatia; Cyprus; Egypt; France; Greece; Israel; Italy; Lebanon; Libya; Malta; Monaco; Morocco; Serbia; Montenegro; Slovenia; Spain; Syrian Arab Republic; Tunisia; Turkey,Mediterranean; Areas Beyond National Jurisdiction (ABNJ),Not Reported,http://mamias.org/,FALSE,FALSE,TRUE,TRUE,TRUE,FALSE,,eng,TRUE,FALSE
Environment descriptor,"ReefTEMPS: the observation network of the coastal sea waters of the South, West and South-West Pacific",1.0 (2018),Institut de recherche pour le développement,ReefTEMPS-001,TRUE,https://www.seanoe.org/data/00440/55128/,https://www.biodiversitya-z.org/content/environmental-descriptors--2,Australia; Cambodia; China; Indonesia; Malaysia; Philippines; Republic of Korea; Singapore; Thailand; Vietnam; Australia; China; Indonesia; Malaysia; Philippines; Singapore; Thailand; Vietnam; American Samoa; Northern Mariana Islands; Australia; Cook Islands; Palau; Federated States of Micronesia; Papua New Guinea; Fiji; Pitcairn Islands; French Polynesia; Solomon Islands; Guam; Tokelau; Kiribati; Tonga; Marshall Islands; Tuvalu; Nauru; Vanuatu,East Asian Sea; Pacific,CC BY 3.0 or 4.0,https://www.seanoe.org/data/00440/55128/,FALSE,FALSE,FALSE,FALSE,TRUE,TRUE,https://www.unep-wcmc.org/system/dataset_file_fields/files/000/000/341/original/McDermott_Long_et_al_-_OceanPlus_Library_-_8_Mar_2019.pdf?1552301984#page=204,eng,FALSE,FALSE
Taxonomic database,The Sponge Guide (tSG),3.0 (2014),Universidad Nacional de Colombia,tSG-001,FALSE,http://www.spongeguide.org/,,Antigua and Barbuda; Bahamas; Barbados; Belize; Colombia; Costa Rica; Cuba; Dominica; Dominican Republic; French Caribbean Territories; Grenada; Guatemala; Guyana; Haiti; Honduras; Jamaica; Mexico; Netherlands Caribbean Territories; Nicaragua; Panama;,Wider Caribbean,Specific Terms of Use,http://www.spongeguide.org/faq.php#Can_I_use_an_image_in_a_presentation_or_lecture,FALSE,FALSE,TRUE,FALSE,TRUE,TRUE,,eng,FALSE,FALSE
Protected areas and areas of biodiversity importance,Digital Map of the Coral Triangle,1.0 (2019),"Institute of Marine Science, University of Auckland, Auckland",UniAuk-003,FALSE,http://uoa.maps.arcgis.com/apps/MinimalGallery/index.html?appid=e0ccfa15b54d49de9ea6a8db2079d8ac,,Indonesia; Malaysia; Papua New Guinea; Philippines; Solomon Islands; Timor-Leste,East Asian Sea; Pacific; Areas Beyond National Jurisdiction (ABNJ),Not Reported,http://uoa.maps.arcgis.com/apps/MinimalGallery/index.html?appid=e0ccfa15b54d49de9ea6a8db2079d8ac,FALSE,TRUE,FALSE,FALSE,TRUE,TRUE,,eng,TRUE,FALSE
Species distribution,SponGIS,,University of Bergen,UniBer-001,FALSE,http://spongis.org/,,Belgium; Denmark; Finland; France; Germany; Iceland; Ireland; Netherlands; Norway; Portugal; Spain; Sweden; United Kingdom of Great Britain and Northern Ireland; United States of America; Canada,North-East Atlantic; North-West Atlantic; Areas Beyond National Jurisdiction (ABNJ),CC0 1.0,http://spongis.org/,FALSE,FALSE,TRUE,FALSE,TRUE,TRUE,,eng,TRUE,FALSE
Protected areas and areas of biodiversity importance,National System of Areas Protected from Ecuador - SNAP,2018,Ministerio del Ambiente (Ecuador). Mapa Interactivo Ambiental.,ECU_001,FALSE,http://mapainteractivo.ambiente.gob.ec/portal/,,Ecuador,Southeast Pacific,Unrestricted,,TRUE,TRUE,TRUE,TRUE,TRUE,TRUE,,spa,FALSE,TRUE
Biogenic habitat,Wetlands,2018,Ministerio del Ambiente (Ecuador). Mapa Interactivo Ambiental.,ECU_002,FALSE,http://mapainteractivo.ambiente.gob.ec/portal/,,Ecuador,Southeast Pacific,Unrestricted,,TRUE,TRUE,TRUE,TRUE,TRUE,TRUE,,spa,FALSE,TRUE
Ecological status and impact,Licence agreements according to economic sector or sub-sector,2018,Ministerio del Ambiente (Ecuador). Mapa Interactivo Ambiental.,ECU_003,FALSE,http://mapainteractivo.ambiente.gob.ec/portal/,,Ecuador,Southeast Pacific; Areas Beyond National Jurisdiction (ABNJ),Unrestricted,,TRUE,TRUE,FALSE,TRUE,FALSE,FALSE,,spa,TRUE,TRUE
Ecological status and impact,Water quality sampling,2018,Ministerio del Ambiente (Ecuador). Mapa Interactivo Ambiental.,ECU_004,FALSE,http://mapainteractivo.ambiente.gob.ec/portal/,,Ecuador,Southeast Pacific; Areas Beyond National Jurisdiction (ABNJ),Unrestricted,,TRUE,TRUE,FALSE,TRUE,TRUE,TRUE,,spa,TRUE,TRUE
Ecological status and impact,Air Quality Sampling Points,2018,Ministerio del Ambiente (Ecuador). Mapa Interactivo Ambiental.,ECU_005,FALSE,http://mapainteractivo.ambiente.gob.ec/portal/,,Ecuador,Southeast Pacific; Areas Beyond National Jurisdiction (ABNJ),Unrestricted,,TRUE,TRUE,FALSE,TRUE,TRUE,TRUE,,spa,TRUE,TRUE
Ecological status and impact,"Final disposal sites for solid waste: landfills, cells and dumps",2018,Ministerio del Ambiente (Ecuador). Mapa Interactivo Ambiental.,ECU_006,FALSE,http://mapainteractivo.ambiente.gob.ec/portal/,,Ecuador,Southeast Pacific,Unrestricted,,TRUE,TRUE,FALSE,TRUE,TRUE,FALSE,,spa,FALSE,TRUE
Environment descriptor,Climate Variability,2018,Insituto Nacional de Pesca - INP (Ecuador). Programas y servicios.,ECU_007,FALSE,"http://www.institutopesca.gob.ec/variabilidad-climatica/
",https://www.biodiversitya-z.org/content/environmental-descriptors--2,Ecuador,Southeast Pacific; Areas Beyond National Jurisdiction (ABNJ),Restricted,,FALSE,TRUE,FALSE,FALSE,TRUE,FALSE,,spa,TRUE,TRUE
Ecological status and impact,Aquaculture,2018,Insituto Nacional de Pesca - INP (Ecuador). Programas y servicios.,ECU_008,FALSE,"http://www.institutopesca.gob.ec/acuacultura/

",,Ecuador,Southeast Pacific,Restricted,,FALSE,TRUE,FALSE,TRUE,FALSE,TRUE,,spa,FALSE,TRUE
Ecological status and impact,"Fishery
",2018,Insituto Nacional de Pesca - INP (Ecuador). Programas y servicios.,ECU_009,FALSE,http://www.institutopesca.gob.ec/pesquerias/ ,,Ecuador,Southeast Pacific; Areas Beyond National Jurisdiction (ABNJ),Restricted,,FALSE,TRUE,FALSE,TRUE,FALSE,TRUE,,spa,TRUE,TRUE
Biogenic habitat,Mapping the mangroves of the Galapagos Islands,2005; 2015,Fundacion Charles Darwin (CDF); Ecociencia,ECU_010,FALSE,https://www.arcgis.com/home/item.html?id=c89ed3e9549d4574967a95a918282c35,,Ecuador,Southeast Pacific,Unrestricted,,TRUE,TRUE,TRUE,TRUE,TRUE,TRUE,,spa,FALSE,TRUE
Environment descriptor,"Physical-chemical, biological and meteorological data set in the Colombian Pacific Basin Oceanographic Cruise LV / XIX CPPS Joint Regional Cruise. ",November/December 2016,Dirección General Marítima. Centro de Investigaciones Oceanográficas e Hidrográficas del Pacífico (Dimar-Cccp).,COL_001,FALSE,https://cecoldo.dimar.mil.co/geonetwork-origin/srv/spa/search#|9cf817a2-44b8-4073-b86c-23e133ae9ce6,https://www.biodiversitya-z.org/content/environmental-descriptors--2,Colombia,Southeast Pacific; Areas Beyond National Jurisdiction (ABNJ),Restricted,,FALSE,TRUE,FALSE,TRUE,TRUE,FALSE,,spa,TRUE,TRUE
Environment descriptor,Oceanic Atmospheric Indexes Correlated with the Surface Hydraulic Supply. National Water Study 2014. Republic of Colombia,2015,"Instituto de Hidrología, Meteorología y Estudios Ambientales.-IDEAM. Sistema de información ambiental SIA. Gestión de metadatos. ",COL_002,FALSE,http://geoapps.ideam.gov.co:8080/geonetwork/srv/es/main.home?uuid=df2a4213-5c10-42e3-a13f-1394b90e3000,https://www.biodiversitya-z.org/content/environmental-descriptors--2,Colombia,Southeast Pacific,Restricted,,FALSE,TRUE,FALSE,FALSE,FALSE,FALSE,,spa,FALSE,TRUE
Environment descriptor,"Bathymetric Bay of Buenaventura - Pacific Colombia
",2015,"Invemar y Bathymetric Solutions S.A.S informe técnico de levantamiento batimétrico bahía de Buenaventura – Pacifico colombiano. Cartagena – Colombia
",COL_003,FALSE,http://cinto.invemar.org.co/geonetwork/srv/eng/metadata.show?id=2844&currTab=inspire,,Colombia,Southeast Pacific; Areas Beyond National Jurisdiction (ABNJ),Restricted,,FALSE,TRUE,FALSE,TRUE,FALSE,FALSE,,spa,TRUE,TRUE
Biogenic habitat,"Mangrove (Manglar), Scale 1: 100,000, Base Cartography - IGAC and The Information System for Mangrove Management in Colombia (SIGMA)",2.1,Instituto Geográfico Agustín Codazzi (IGAC),COL_004,FALSE,https://www.datos.gov.co/en/Mapas-Nacionales/Manglar-Escala-1-100-000-Cartografia-Base-IGAC-/hcrd-ryd3/data,,Colombia,Southeast Pacific,CC BY 3.0 or 4.0,,FALSE,TRUE,TRUE,TRUE,TRUE,TRUE,,spa; eng,FALSE,TRUE
Biogenic habitat,"Condition Indicator Trend of Coral Areas / Protocolo Indicador Condición Tendencia Áreas Coralinas (ICTAC)
",2014,Rodríguez-Rincón et al. ,COL_005,FALSE,"http://siam.invemar.org.co/sismac

",,Colombia,Southeast Pacific,Restricted,"http://siam.invemar.org.co/sismac

",FALSE,TRUE,TRUE,TRUE,TRUE,FALSE,,spa,FALSE,TRUE
Biogeographic classification,Lands 2017-02-17 - Geovisor ANH Colombia,2017,"Agencia Nacional de Hidrocarburos, Ministerio de Minas y Energía",COL_006,FALSE,http://www.anh.gov.co/Asignacion-de-areas/Paginas/Mapa-de-tierras.aspx ,,Colombia,Southeast Pacific,Not Reported,https://geovisor.anh.gov.co/tierras/,FALSE,TRUE,TRUE,TRUE,FALSE,FALSE,,spa,FALSE,TRUE
Environment descriptor,"Set of physical-chemical, biological, meteorological and geological data obtained from the oceanographic study, characterization and diagnosis of the Colombian Pacific Coast, as a baseline for the integrated management plan for the coastal zone
",,"Dirección General Marítima – Centro de Investigaciones Oceanográficas e Hidrográficas del Pacífico.
López A.C., P.C. Sierra-Correa, J.C Rodríguez, y J.L. Freyre-Palua. (2003). Plan de manejo integrado de la zona costera del complejo de las bocanas Guapi Iscuandé, Pacífico colombiano - Fase II, INVEMAR-CRC-CORPONARIÑO-IIAP, Ministerio de Ambiente, Vivienda y Desarrollo Territorial. Santa Marta, Colombia.
 A. López. (2006). INVEMAR – CRC - CORPONARIÑO, Unidad Ambiental Costera de la Llanura Aluvial del Sur: Caracterización, Diagnóstico Integrado y Zonificación Ambiental, INVEMAR – CRC - CORPONARIÑO. Santa Martav Colombia.",COL_007,FALSE,https://cecoldo.dimar.mil.co/geonetwork-origin/srv/spa/search#|86a951b2-f401-471d-86ce-b70abdc14dbd,https://www.biodiversitya-z.org/content/environmental-descriptors--2,Colombia,Southeast Pacific; Areas Beyond National Jurisdiction (ABNJ),Resolusión de la Direcció General Marítima Nº 57 de 2013,,FALSE,TRUE,FALSE,TRUE,TRUE,FALSE,,spa,TRUE,TRUE
Biogeographic classification,"National Geodetic Network, Geodesy, IGAC.",1999,Marco Geocéntrico de Referencia Nacional (MAGNA). Instituto Agustín Codazzi.,COL_008,FALSE,"https://www.igac.gov.co/es/contenido/tramites-y-servicios/informacion-geodesica

",,Colombia,Southeast Pacific; Areas Beyond National Jurisdiction (ABNJ),Not Reported,"https://www.igac.gov.co/es/contenido/tramites-y-servicios/informacion-geodesica

",FALSE,TRUE,TRUE,TRUE,FALSE,FALSE,,spa,TRUE,TRUE
Environment descriptor,CLIMATES website,,"INVEMAR. Programa holandés de asistencia para estudios en cambio climático NCCSAP: Colombia.
Vides, M. (2003). Definición de la vulnerabilidad de los sistemas bio-geofísicos y socioeconómicos debido a un cambio en el nivel del mar en la zona costera colombiana (Caribe continental, Caribe insular y Pacífico) y medidas para su adaptación. Instituto de Investigaciones Marinas y Costeras ""José Benito Vives de Andréis"". Santa Marta, Colombia.
MARTÍNEZ, N., K. ROBERTSON, O. JARAMILLO, M.P. CUERVO, C. CANO, J.E.PARDO, L.R. BARRETO, M. TORO, Z. MURILLO, E. ROZO y G. VARGAS. (2011). Vulnerabilidad y adaptación de la zona costera Colombiana al ascenso acelerado del nivel del mar. Documento técnico de Soporte para: Primera Comunicación Nacional de Colombia ante la Convención Marco de las Naciones Unidas sobre Cambio Climático.  Instituto de Hidrología, Meteorología y Estudios Ambientales.  Bogóta. 2011. p. 1-80
Díaz, J. M. , L. M. Barrios, M. H. Cendales, J. Garzón-Ferreira, J. Geister, M. López-Victoria, G. H. Ospina, F. Parra-Velandia, J. Pinzón, B. Vargas-Angel, F. A. Zapata y S. Zea. (2000). Áreas coralinas de Colombia.  Invemar, Serie Publicaciones Nº5. Santa Marta, 176p",COL_009,FALSE,http://cambioclimatico.invemar.org.co/ofertainformacion/pages/estaciones/estaciones1.faces,https://www.biodiversitya-z.org/content/environmental-descriptors--2,Colombia,Southeast Pacific; Areas Beyond National Jurisdiction (ABNJ),Restricted,http://cambioclimatico.invemar.org.co/ofertainformacion/pages/estaciones/estaciones1.faces,FALSE,TRUE,FALSE,FALSE,TRUE,TRUE,,spa,TRUE,TRUE
Species distribution,Alexandrium catenella,2016,"Divison de Acuicultura IFOP. Marea Roja 2016. Julio 2018, de Instituto de Fomento Pesquero. Chile",CHL_001,FALSE,http://ifop.maps.arcgis.com/apps/webappviewer/index.html?id=5732fa0fcba549b0b04f1b3a43fa7c6a,,Chile,Southeast Pacific; Areas Beyond National Jurisdiction (ABNJ),Unrestricted,http://sig-acuicultura.ifop.cl/arcgis/rest/services/marearoja/Est_ReportesMR_2016/MapServer,TRUE,TRUE,FALSE,FALSE,TRUE,TRUE,,spa,TRUE,TRUE
Species distribution,Alexandrium cf. tamarense,2016,"Divison de Acuicultura IFOP. Marea Roja 2016. Julio 2018, de Instituto de Fomento Pesquero. Chile",CHL_002,FALSE,http://ifop.maps.arcgis.com/apps/webappviewer/index.html?id=5732fa0fcba549b0b04f1b3a43fa7c6a,,Chile ,Southeast Pacific; Areas Beyond National Jurisdiction (ABNJ),Unrestricted,http://sig-acuicultura.ifop.cl/arcgis/rest/services/marearoja/ReportesMR_2016/MapServer,TRUE,FALSE,FALSE,FALSE,TRUE,TRUE,,spa,TRUE,TRUE
Species distribution,Alexandrium ostenfeldii,2016,"Divison de Acuicultura IFOP. Marea Roja 2016. Julio 2018, de Instituto de Fomento Pesquero. Chile",CHL_003,FALSE,http://ifop.maps.arcgis.com/apps/webappviewer/index.html?id=5732fa0fcba549b0b04f1b3a43fa7c6a,,Chile,Southeast Pacific; Areas Beyond National Jurisdiction (ABNJ),Unrestricted,http://sig-acuicultura.ifop.cl/arcgis/rest/services/marearoja/ReportesMR_2016/MapServer,TRUE,FALSE,FALSE,FALSE,TRUE,TRUE,,spa,TRUE,TRUE
Species distribution,Dinophysis acuminata,2016,"Divison de Acuicultura IFOP. Marea Roja 2016. Julio 2018, de Instituto de Fomento Pesquero. Chile",CHL_004,FALSE,http://ifop.maps.arcgis.com/apps/webappviewer/index.html?id=5732fa0fcba549b0b04f1b3a43fa7c6a,,Chile,Southeast Pacific; Areas Beyond National Jurisdiction (ABNJ),Unrestricted,http://sig-acuicultura.ifop.cl/arcgis/rest/services/marearoja/ReportesMR_2016/MapServer,TRUE,FALSE,FALSE,FALSE,TRUE,TRUE,,spa,TRUE,TRUE
Species distribution,Dinophysis acuta,2016,"Divison de Acuicultura IFOP. Marea Roja 2016. Julio 2018, de Instituto de Fomento Pesquero. Chile",CHL_005,FALSE,http://ifop.maps.arcgis.com/apps/webappviewer/index.html?id=5732fa0fcba549b0b04f1b3a43fa7c6a,,Chile,Southeast Pacific; Areas Beyond National Jurisdiction (ABNJ),Unrestricted,http://sig-acuicultura.ifop.cl/arcgis/rest/services/marearoja/ReportesMR_2016/MapServer,TRUE,FALSE,FALSE,FALSE,TRUE,TRUE,,spa,TRUE,TRUE
Species distribution,Potoceratium reticulatum,2016,"Divison de Acuicultura IFOP. Marea Roja 2016. Julio 2018, de Instituto de Fomento Pesquero. Chile",CHL_006,FALSE,http://ifop.maps.arcgis.com/apps/webappviewer/index.html?id=5732fa0fcba549b0b04f1b3a43fa7c6a,,Chile,Southeast Pacific; Areas Beyond National Jurisdiction (ABNJ),Unrestricted,http://sig-acuicultura.ifop.cl/arcgis/rest/services/marearoja/ReportesMR_2016/MapServer,TRUE,FALSE,FALSE,FALSE,TRUE,TRUE,,spa,TRUE,TRUE
Species distribution,Pseudo nitzschia cf.pseudodelicatissima,2016,"Divison de Acuicultura IFOP. Marea Roja 2016. Julio 2018, de Instituto de Fomento Pesquero. Chile",CHL_007,FALSE,http://ifop.maps.arcgis.com/apps/webappviewer/index.html?id=5732fa0fcba549b0b04f1b3a43fa7c6a,,Chile,Southeast Pacific; Areas Beyond National Jurisdiction (ABNJ),Unrestricted,http://sig-acuicultura.ifop.cl/arcgis/rest/services/marearoja/ReportesMR_2016/MapServer,TRUE,FALSE,FALSE,FALSE,TRUE,TRUE,,spa,TRUE,TRUE
Species distribution,Pseudo Nitzschia cf.australis,2016,"Divison de Acuicultura IFOP. Marea Roja 2016. Julio 2018, de Instituto de Fomento Pesquero. Chile",CHL_008,FALSE,http://ifop.maps.arcgis.com/apps/webappviewer/index.html?id=5732fa0fcba549b0b04f1b3a43fa7c6a,,Chile,Southeast Pacific; Areas Beyond National Jurisdiction (ABNJ),Unrestricted,http://sig-acuicultura.ifop.cl/arcgis/rest/services/marearoja/ReportesMR_2016/MapServer,TRUE,FALSE,FALSE,FALSE,TRUE,TRUE,,spa,TRUE,TRUE
Ecological status and impact,Algal Bloom Monitoring Stations 2016,2016,"Divison de Acuicultura IFOP. Marea Roja 2016. Julio 2018, de Instituto de Fomento Pesquero. Chile",CHL_009,FALSE,http://ifop.maps.arcgis.com/apps/webappviewer/index.html?id=5732fa0fcba549b0b04f1b3a43fa7c6a,,Chile,Southeast Pacific; Areas Beyond National Jurisdiction (ABNJ),Unrestricted,http://sig-acuicultura.ifop.cl/arcgis/rest/services/marearoja/ReportesMR_2016/MapServer,TRUE,TRUE,FALSE,TRUE,TRUE,TRUE,,spa,TRUE,TRUE
Ecological status and impact,Algal Bloom Monitoring Stations 2017,2017,"Divison de Acuicultura IFOP. Marea Roja 2016. Julio 2018, de Instituto de Fomento Pesquero. Chile",CHL_010,FALSE,http://ifop.maps.arcgis.com/apps/webappviewer/index.html?id=5732fa0fcba549b0b04f1b3a43fa7c6a,,Chile,Southeast Pacific; Areas Beyond National Jurisdiction (ABNJ),Unrestricted,http://sig-acuicultura.ifop.cl/arcgis/rest/services/marearoja/ReportesMR_2016/MapServer,TRUE,TRUE,FALSE,TRUE,TRUE,TRUE,,spa,TRUE,TRUE
Ecological status and impact,Algal Bloom Monitoring Stations 2018,2018,"Divison de Acuicultura IFOP. Marea Roja 2016. Julio 2018, de Instituto de Fomento Pesquero. Chile",CHL_011,FALSE,http://ifop.maps.arcgis.com/apps/webappviewer/index.html?id=8e12c79cc99b4940b92bf3933f04204e,,Chile,Southeast Pacific; Areas Beyond National Jurisdiction (ABNJ),Unrestricted,http://sig-acuicultura.ifop.cl/arcgis/rest/services/marearoja/ReportesMR_2016/MapServer,TRUE,TRUE,FALSE,TRUE,TRUE,TRUE,,spa,TRUE,TRUE
Ecological status and impact,"Regular Reports - XII Stage
",2016,"Divison de Acuicultura IFOP. Marea Roja 2016. Julio 2018, de Instituto de Fomento Pesquero. Chile",CHL_012,FALSE,http://ifop.maps.arcgis.com/apps/webappviewer/index.html?id=8e12c79cc99b4940b92bf3933f04204e,,Chile,Southeast Pacific; Areas Beyond National Jurisdiction (ABNJ),Unrestricted,http://sig-acuicultura.ifop.cl/arcgis/rest/services/marearoja/ReportesMR_2016/MapServer,TRUE,TRUE,FALSE,FALSE,FALSE,FALSE,,spa,TRUE,TRUE
Ecological status and impact,Surveillance and RMB Reports - XI Stage,2016,"Divison de Acuicultura IFOP. Marea Roja 2016. Julio 2018, de Instituto de Fomento Pesquero. Chile",CHL_013,FALSE,http://ifop.maps.arcgis.com/apps/webappviewer/index.html?id=7d7b130496a54eddb0e4c0e1a8e0b4b4,,Chile,Southeast Pacific; Areas Beyond National Jurisdiction (ABNJ),Unrestricted,http://sig-acuicultura.ifop.cl/arcgis/rest/services/marearoja/ReportesMR_2016/MapServer,TRUE,TRUE,FALSE,FALSE,FALSE,FALSE,,spa,TRUE,TRUE
Ecological status and impact,"Regular Reports XI Stage
",2016,"Divison de Acuicultura IFOP. Marea Roja 2016. Julio 2018, de Instituto de Fomento Pesquero. Chile",CHL_014,FALSE,http://ifop.maps.arcgis.com/apps/webappviewer/index.html?id=7d7b130496a54eddb0e4c0e1a8e0b4b4,,Chile,Southeast Pacific; Areas Beyond National Jurisdiction (ABNJ),Unrestricted,http://sig-acuicultura.ifop.cl/arcgis/rest/services/marearoja/ReportesMR_2016/MapServer,TRUE,TRUE,FALSE,FALSE,FALSE,FALSE,,spa,TRUE,TRUE
Ecological status and impact,Surveillance and RMB Reports - X Stage,2016,"Divison de Acuicultura IFOP. Marea Roja 2016. Julio 2018, de Instituto de Fomento Pesquero. Chile",CHL_015,FALSE,http://ifop.maps.arcgis.com/apps/webappviewer/index.html?id=5732fa0fcba549b0b04f1b3a43fa7c6a,,Chile,Southeast Pacific; Areas Beyond National Jurisdiction (ABNJ),Unrestricted,http://sig-acuicultura.ifop.cl/arcgis/rest/services/marearoja/ReportesMR_2016/MapServer,TRUE,TRUE,FALSE,FALSE,FALSE,FALSE,,spa,TRUE,TRUE
Ecological status and impact,"Regular Reports - X Stage
",2016,"Divison de Acuicultura IFOP. Marea Roja 2016. Julio 2018, de Instituto de Fomento Pesquero. Chile",CHL_016,FALSE,http://ifop.maps.arcgis.com/apps/webappviewer/index.html?id=5732fa0fcba549b0b04f1b3a43fa7c6a,,Chile,Southeast Pacific; Areas Beyond National Jurisdiction (ABNJ),Unrestricted,http://sig-acuicultura.ifop.cl/arcgis/rest/services/marearoja/ReportesMR_2016/MapServer,TRUE,TRUE,FALSE,FALSE,FALSE,FALSE,,spa,TRUE,TRUE
Environment descriptor,"Oceanographic Forecast MOSA-ROMS

",,IFOP.  Sistema de Pronóstico Hidrodinámicos MOSA - roms de IFOP,CHL_017,FALSE,https://www.ifop.cl/chonos/mosa/,https://www.biodiversitya-z.org/content/environmental-descriptors--2,Chile,Southeast Pacific; Areas Beyond National Jurisdiction (ABNJ),Unrestricted,https://www.ifop.cl/chonos/mosa/,TRUE,TRUE,FALSE,FALSE,TRUE,TRUE,,spa,TRUE,TRUE
Biogeographic classification,Classification of Chilean Marine Ecosystems of the Exclusive Economic Zone (Clasificación de ecosistemas marinos chilenos de la zona económica exclusiva),2016,"Rovira, J. and Herreros, J. (2016)",CHL_018,FALSE,http://portal.mma.gob.cl,,Chile,Southeast Pacific; Areas Beyond National Jurisdiction (ABNJ),Unrestricted,,TRUE,TRUE,TRUE,TRUE,TRUE,FALSE,,spa,TRUE,TRUE
Ecological status and impact,"Water Column (Environmental Performance Aquaculture)
",,IFOP. Desempeño Ambiental de la Acuicultura en Chile de División de Investigación en Acuicultura.,CHL_019,FALSE,http://ifop.maps.arcgis.com/apps/webappviewer/index.html?id=07ce43404e6945f682cbd944cb4e222d,,Chile,Southeast Pacific; Areas Beyond National Jurisdiction (ABNJ),Unrestricted,http://sig-acuicultura.ifop.cl/arcgis/rest/services/DesAmbiental/Desempeno_2017/MapServer,TRUE,TRUE,FALSE,TRUE,FALSE,TRUE,,spa,TRUE,TRUE
Ecological status and impact,Data Sampling 2011-2015: Environmental Performance of Aquaculture in Chile,,IFOP. Desempeño Ambiental de la Acuicultura en Chile de División de Investigación en Acuicultura.,CHL_020,FALSE,http://ifop.maps.arcgis.com/apps/webappviewer/index.html?id=07ce43404e6945f682cbd944cb4e222d,,Chile,Southeast Pacific; Areas Beyond National Jurisdiction (ABNJ),Unrestricted,http://sig-acuicultura.ifop.cl/arcgis/rest/services/DesAmbiental/Desempeno_2017/MapServer,TRUE,TRUE,FALSE,TRUE,FALSE,TRUE,,spa,TRUE,TRUE
Environment descriptor,Sampling stations 2017,,IFOP. Desempeño Ambiental de la Acuicultura en Chile de División de Investigación en Acuicultura.,CHL_021,FALSE,http://ifop.maps.arcgis.com/apps/webappviewer/index.html?id=07ce43404e6945f682cbd944cb4e222d,,Chile,Southeast Pacific; Areas Beyond National Jurisdiction (ABNJ),Unrestricted,http://sig-acuicultura.ifop.cl/arcgis/rest/services/DesAmbiental/Desempeno_2017/MapServer,TRUE,TRUE,FALSE,TRUE,FALSE,TRUE,,spa,TRUE,TRUE
Ecological status and impact,Granulometry (Environmental performance Aquaculture),,IFOP. Desempeño Ambiental de la Acuicultura en Chile de División de Investigación en Acuicultura.,CHL_022,FALSE,http://ifop.maps.arcgis.com/apps/webappviewer/index.html?id=07ce43404e6945f682cbd944cb4e222d,,Chile,Southeast Pacific; Areas Beyond National Jurisdiction (ABNJ),Unrestricted,http://sig-acuicultura.ifop.cl/arcgis/rest/services/DesAmbiental/Desempeno_2017/MapServer,TRUE,TRUE,FALSE,TRUE,FALSE,TRUE,,spa,TRUE,TRUE
Ecological status and impact,"Macrofauna (Environmental performance Aquaculture)
",,IFOP. Desempeño Ambiental de la Acuicultura en Chile de División de Investigación en Acuicultura.,CHL_023,FALSE,http://ifop.maps.arcgis.com/apps/webappviewer/index.html?id=07ce43404e6945f682cbd944cb4e222d,,Chile,Southeast Pacific; Areas Beyond National Jurisdiction (ABNJ),Unrestricted,http://sig-acuicultura.ifop.cl/arcgis/rest/services/DesAmbiental/Desempeno_2017/MapServer,TRUE,TRUE,FALSE,TRUE,FALSE,TRUE,,spa,TRUE,TRUE
Ecological status and impact,Organic Matter (Environmental performance Aquaculture),,IFOP. Desempeño Ambiental de la Acuicultura en Chile de División de Investigación en Acuicultura.,CHL_024,FALSE,http://ifop.maps.arcgis.com/apps/webappviewer/index.html?id=07ce43404e6945f682cbd944cb4e222d,,Chile,Southeast Pacific; Areas Beyond National Jurisdiction (ABNJ),Unrestricted,http://sig-acuicultura.ifop.cl/arcgis/rest/services/DesAmbiental/Desempeno_2017/MapServer,TRUE,TRUE,FALSE,TRUE,FALSE,TRUE,,spa,TRUE,TRUE
Ecological status and impact,Ph-Redox (Environmental Performance of Aquaculture),,IFOP. Desempeño Ambiental de la Acuicultura en Chile de División de Investigación en Acuicultura.,CHL_025,FALSE,http://ifop.maps.arcgis.com/apps/webappviewer/index.html?id=07ce43404e6945f682cbd944cb4e222d,,Chile,Southeast Pacific; Areas Beyond National Jurisdiction (ABNJ),Unrestricted,http://sig-acuicultura.ifop.cl/arcgis/rest/services/DesAmbiental/Desempeno_2017/MapServer,TRUE,TRUE,FALSE,TRUE,FALSE,TRUE,,spa,TRUE,TRUE
Ecological status and impact,Environmental performance sampling areas (2017),,IFOP. Desempeño Ambiental de la Acuicultura en Chile de División de Investigación en Acuicultura.,CHL_026,FALSE,http://ifop.maps.arcgis.com/apps/webappviewer/index.html?id=07ce43404e6945f682cbd944cb4e222d,,Chile,Southeast Pacific; Areas Beyond National Jurisdiction (ABNJ),Unrestricted,http://sig-acuicultura.ifop.cl/arcgis/rest/services/DesAmbiental/Desempeno_2017/MapServer,TRUE,TRUE,FALSE,TRUE,FALSE,TRUE,,spa,TRUE,TRUE
Ecological status and impact, Aquaculture rights areas,,PRODUCE.  Catastro Acuícola Nacional  ,PRU_001,FALSE,http://catastroacuicola.produce.gob.pe/web/ ,,Peru,Southeast Pacific; Areas Beyond National Jurisdiction (ABNJ),Unrestricted,http://catastroacuicola.produce.gob.pe/web/ ,TRUE,TRUE,FALSE,TRUE,FALSE,TRUE,,spa,TRUE,TRUE
Ecological status and impact, Aquaculture available areas,,PRODUCE.  Catastro Acuícola Nacional  ,PRU_002,FALSE,http://catastroacuicola.produce.gob.pe/web/ ,,Peru,Southeast Pacific; Areas Beyond National Jurisdiction (ABNJ),Unrestricted,http://catastroacuicola.produce.gob.pe/web/ ,TRUE,TRUE,FALSE,TRUE,FALSE,TRUE,,spa,TRUE,TRUE
Ecological status and impact,Potential Areas for Aquaculture,,PRODUCE.  Catastro Acuícola Nacional  ,PRU_003,FALSE,http://catastroacuicola.produce.gob.pe/web/ ,,Peru,Southeast Pacific; Areas Beyond National Jurisdiction (ABNJ),Unrestricted,http://catastroacuicola.produce.gob.pe/web/ ,TRUE,TRUE,FALSE,TRUE,FALSE,TRUE,,spa,TRUE,TRUE
Species distribution,"Natural Banks Species
",,PRODUCE.  Catastro Acuícola Nacional  ,PRU_004,FALSE,http://catastroacuicola.produce.gob.pe/web/ ,,Peru,Southeast Pacific; Areas Beyond National Jurisdiction (ABNJ),Unrestricted,http://catastroacuicola.produce.gob.pe/web/ ,TRUE,TRUE,FALSE,TRUE,FALSE,FALSE,,spa,TRUE,TRUE
Species distribution,Natural Banks Invertebrates,,PRODUCE.  Catastro Acuícola Nacional  ,PRU_005,FALSE,http://catastroacuicola.produce.gob.pe/web/ ,,Peru,Southeast Pacific; Areas Beyond National Jurisdiction (ABNJ),Unrestricted,http://catastroacuicola.produce.gob.pe/web/ ,TRUE,TRUE,FALSE,TRUE,FALSE,FALSE,,spa,TRUE,TRUE
Biogeographic classification,"Natural Banks Substrate Rocky
",,PRODUCE.  Catastro Acuícola Nacional  ,PRU_006,FALSE,http://catastroacuicola.produce.gob.pe/web/ ,,Peru,Southeast Pacific; Areas Beyond National Jurisdiction (ABNJ),Unrestricted,http://catastroacuicola.produce.gob.pe/web/ ,TRUE,TRUE,FALSE,TRUE,FALSE,FALSE,,spa,TRUE,TRUE
Ecological status and impact,"Fishing Areas
",,PRODUCE.  Catastro Acuícola Nacional  ,PRU_007,FALSE,http://catastroacuicola.produce.gob.pe/web/ ,,Peru,Southeast Pacific; Areas Beyond National Jurisdiction (ABNJ),Unrestricted,http://catastroacuicola.produce.gob.pe/web/ ,TRUE,TRUE,FALSE,TRUE,FALSE,TRUE,,spa,TRUE,TRUE
Environment descriptor,"Average wind speed
",,MINEM.  Atlas Eolico del Perú (http://www.minem.gob.pe/minem/archivos/file/Electricidad/publicaciones/Atlas_Eolico_Final.pdf),PRU_008,FALSE,http://mapas.minem.gob.pe/map_eolico/,https://www.biodiversitya-z.org/content/environmental-descriptors--2,Peru,Southeast Pacific; Areas Beyond National Jurisdiction (ABNJ),Unrestricted,http://mapas.minem.gob.pe/map_eolico/,TRUE,TRUE,FALSE,TRUE,FALSE,TRUE,,spa,TRUE,TRUE
Environment descriptor,Power density,,MINEM.  Atlas Eolico del Perú (http://www.minem.gob.pe/minem/archivos/file/Electricidad/publicaciones/Atlas_Eolico_Final.pdf),PRU_009,FALSE,http://mapas.minem.gob.pe/map_eolico/,https://www.biodiversitya-z.org/content/environmental-descriptors--2,Peru,Southeast Pacific; Areas Beyond National Jurisdiction (ABNJ),Unrestricted,http://mapas.minem.gob.pe/map_eolico/,TRUE,TRUE,FALSE,TRUE,FALSE,TRUE,,spa,TRUE,TRUE
Ecological status and impact,Mining Concessions,,"Servicio de capas de información temática - Geoservidor
MINAM",PRU_010,FALSE,"http://mapas.geoidep.gob.pe/mapasperu/?config=viewer_wms&
wmsuri=http://geoservidorperu.minam.gob.pe/arcgis/rest/servic
es/ServicioAmbiental/MapServer&wmstitle=Servicio%20de%20
capas%20tem%C3%A1ticas%20ambientales&t=1",,Peru,Southeast Pacific; Areas Beyond National Jurisdiction (ABNJ),Unrestricted,"http://mapas.geoidep.gob.pe/mapasperu/?config=viewer_wms&
wmsuri=http://geoservidorperu.minam.gob.pe/arcgis/rest/servic
es/ServicioAmbiental/MapServer&wmstitle=Servicio%20de%20
capas%20tem%C3%A1ticas%20ambientales&t=1",TRUE,TRUE,FALSE,TRUE,FALSE,TRUE,,spa,TRUE,TRUE
Ecological status and impact,Service of environmental thematic layers referred to Oil Lots,,"Servicio de capas de información temática - Geoservidor
MINAM",PRU_011,FALSE,"http://mapas.geoidep.gob.pe/mapasperu/?config=viewer_wms&
wmsuri=http://geoservidorperu.minam.gob.pe/arcgis/rest/servic
es/ServicioAmbiental/MapServer&wmstitle=Servicio%20de%20
capas%20tem%C3%A1ticas%20ambientales&t=1",,Peru,Southeast Pacific; Areas Beyond National Jurisdiction (ABNJ),Unrestricted,"http://mapas.geoidep.gob.pe/mapasperu/?config=viewer_wms&
wmsuri=http://geoservidorperu.minam.gob.pe/arcgis/rest/servic
es/ServicioAmbiental/MapServer&wmstitle=Servicio%20de%20
capas%20tem%C3%A1ticas%20ambientales&t=1",TRUE,TRUE,FALSE,TRUE,FALSE,TRUE,,spa,TRUE,TRUE
Ecological status and impact,Coastal Erosion,,"Servicio de capas de información temática - Geoservidor
MINAM",PRU_012,FALSE,"http://mapas.geoidep.gob.pe/mapasperu/?config=viewer_wms&
wmsuri=http://geoservidorperu.minam.gob.pe/arcgis/rest/servic
es/ServicioAmbiental/MapServer&wmstitle=Servicio%20de%20
capas%20tem%C3%A1ticas%20ambientales&t=1",,Peru,Southeast Pacific,Unrestricted,"http://mapas.geoidep.gob.pe/mapasperu/?config=viewer_wms&
wmsuri=http://geoservidorperu.minam.gob.pe/arcgis/rest/servic
es/ServicioAmbiental/MapServer&wmstitle=Servicio%20de%20
capas%20tem%C3%A1ticas%20ambientales&t=1",TRUE,TRUE,FALSE,TRUE,TRUE,TRUE,,spa,FALSE,TRUE
Biogeographic classification,Information about Ecological Economic Zoning,,Servicio de capas de información temática - Geoservidor. MINAM,PRU_013,FALSE,"http://mapas.geoidep.gob.pe/mapasperu/?config=viewer_wms&
wmsuri=http://geoservidorperu.minam.gob.pe/arcgis/rest/servic
es/ServicioAmbiental/MapServer&wmstitle=Servicio%20de%20
capas%20tem%C3%A1ticas%20ambientales&t=1",,Peru,Southeast Pacific; Areas Beyond National Jurisdiction (ABNJ),Unrestricted,"http://mapas.geoidep.gob.pe/mapasperu/?config=viewer_wms&
wmsuri=http://geoservidorperu.minam.gob.pe/arcgis/rest/servic
es/ServicioAmbiental/MapServer&wmstitle=Servicio%20de%20
capas%20tem%C3%A1ticas%20ambientales&t=1",TRUE,TRUE,FALSE,TRUE,FALSE,TRUE,,spa,TRUE,TRUE
Ecosystem services and natural capital,Inventory of Tourist Resources (Inventario de recursos turísticos),,Ministerio de Comercio Exterior y Turismo - MINCETUR (Peru),PRU_014,FALSE,http://sigmincetur.mincetur.gob.pe/,,Peru,Southeast Pacific; Areas Beyond National Jurisdiction (ABNJ),Unrestricted,,TRUE,TRUE,FALSE,FALSE,FALSE,TRUE,,spa,TRUE,TRUE
Environment descriptor,Surface Temperature Distribution of the Sea,,Instituto del Mar del Perú - IMARPE. Sistema de Observacion Satelital del Mar Peruano (SOSMAP).,PRU_015,FALSE,http://satelite.imarpe.gob.pe/uprsig/sst_prov.html,https://www.biodiversitya-z.org/content/environmental-descriptors--2,Peru,Southeast Pacific; Areas Beyond National Jurisdiction (ABNJ),Unrestricted,,TRUE,FALSE,FALSE,FALSE,TRUE,FALSE,,spa,TRUE,TRUE
Environment descriptor,Sea Surface Temperature Anomaly,,Instituto del Mar del Perú - IMARPE. Sistema de Observacion Satelital del Mar Peruano (SOSMAP).,PRU_016,FALSE,http://satelite.imarpe.gob.pe/uprsig/asst/asst_rey.html,https://www.biodiversitya-z.org/content/environmental-descriptors--2,Peru,Southeast Pacific; Areas Beyond National Jurisdiction (ABNJ),Unrestricted,https://www.ncdc.noaa.gov/oisst,TRUE,FALSE,FALSE,FALSE,TRUE,FALSE,,spa,TRUE,TRUE
Environment descriptor,Concentration of the Chlorophyll A Surface of the Sea,Updated regularly,Instituto del Mar del Perú - IMARPE,PRU_017,FALSE,http://satelite.imarpe.gob.pe/uprsig/t-scan/Viirs/chl_npp.html,https://www.biodiversitya-z.org/content/environmental-descriptors--2,Peru,Southeast Pacific; Areas Beyond National Jurisdiction (ABNJ),Unrestricted,https://earthdata.nasa.gov/earth-observation-data/near-real-time/download-nrt-data/viirs-nrt,TRUE,FALSE,FALSE,FALSE,TRUE,TRUE,,spa,TRUE,TRUE
Environment descriptor,Distribution of the Winds in the Peruvian Sea,Updated regularly,Instituto del Mar del Perú - IMARPE,PRU_018,FALSE,http://satelite.imarpe.gob.pe/uprsig/vientos/vientos.html,https://www.biodiversitya-z.org/content/environmental-descriptors--2,Peru,Southeast Pacific; Areas Beyond National Jurisdiction (ABNJ),CC BY 3.0 or 4.0,https://www.ncep.noaa.gov/,TRUE,TRUE,TRUE,FALSE,FALSE,FALSE,,spa,TRUE,TRUE
Environment descriptor,Anomaly of the Geostrophic Speed ??of the Sea (cm / s),Updated regularly,Instituto del Mar del Perú - IMARPE,PRU_019,FALSE,http://www.imarpe.pe/imarpe/index.php?id_seccion=I0178030104000000000000,https://www.biodiversitya-z.org/content/environmental-descriptors--2,Peru,Southeast Pacific; Areas Beyond National Jurisdiction (ABNJ),Unrestricted,http://www.imarpe.pe/imarpe/index.php?id_seccion=I0178030104000000000000,TRUE,TRUE,FALSE,FALSE,FALSE,FALSE,,spa,TRUE,TRUE
Environment descriptor,Distribution of Surface Salinity of the Sea,Updated regularly,Instituto del Mar del Perú - IMARPE,PRU_020,FALSE,http://satelite.imarpe.gob.pe/uprsig/salinidad/salinidad.htm,https://www.biodiversitya-z.org/content/environmental-descriptors--2,Peru,Southeast Pacific; Areas Beyond National Jurisdiction (ABNJ),Unrestricted,http://www.hycom.org,TRUE,TRUE,FALSE,TRUE,TRUE,FALSE,,spa,TRUE,TRUE
Environment descriptor,Sea Height Anomaly - Altimetry,Updated regularly,Instituto del Mar del Perú - IMARPE,PRU_021,FALSE,http://satelite.imarpe.gob.pe/uprsig/altimetria/altimetria.html ,https://www.biodiversitya-z.org/content/environmental-descriptors--2,Peru,Southeast Pacific; Areas Beyond National Jurisdiction (ABNJ),Unrestricted,http://satelite.imarpe.gob.pe/uprsig/altimetria/altimetria.html ,TRUE,TRUE,FALSE,TRUE,TRUE,FALSE,,spa,TRUE,TRUE
Ecological status and impact,Concentration of Nitrites in the Coastal Marine Zone of Peru,2009,IMARPE. Taller de recolección y conservación de muestras en campo después de originado algún daño o perjuicio sobre un cuerpo de agua y su entorno.,PRU_022,FALSE,https://docplayer.es/15354151-Instituto-del-mar-del-peru.html,,Peru,Southeast Pacific; Areas Beyond National Jurisdiction (ABNJ),Restricted,,FALSE,TRUE,FALSE,TRUE,TRUE,FALSE,,spa,TRUE,TRUE
Ecological status and impact,Concentration of Nitrites in the Coastal Marine Zone of Peru,2009,IMARPE. Taller de recolección y conservación de muestras en campo después de originado algún daño o perjuicio sobre un cuerpo de agua y su entorno.,PRU_023,FALSE,https://docplayer.es/15354151-Instituto-del-mar-del-peru.html,,Peru,Southeast Pacific; Areas Beyond National Jurisdiction (ABNJ),Restricted,,FALSE,TRUE,FALSE,TRUE,TRUE,FALSE,,spa,TRUE,TRUE
Ecological status and impact,Phosphate concentration in the Coastal Marine Zone of Peru,2009,IMARPE. Taller de recolección y conservación de muestras en campo después de originado algún daño o perjuicio sobre un cuerpo de agua y su entorno.,PRU_024,FALSE,https://docplayer.es/15354151-Instituto-del-mar-del-peru.html,,Peru,Southeast Pacific; Areas Beyond National Jurisdiction (ABNJ),Restricted,,FALSE,TRUE,FALSE,TRUE,TRUE,FALSE,,spa,TRUE,TRUE
Ecological status and impact,Silicate concentration in the Coastal Marine Zone of Peru,2009,IMARPE. Taller de recolección y conservación de muestras en campo después de originado algún daño o perjuicio sobre un cuerpo de agua y su entorno.,PRU_025,FALSE,https://docplayer.es/15354151-Instituto-del-mar-del-peru.html,,Peru,Southeast Pacific; Areas Beyond National Jurisdiction (ABNJ),Restricted,,FALSE,TRUE,FALSE,TRUE,TRUE,FALSE,,spa,TRUE,TRUE
Ecological status and impact,Dissolved Oxygen Concentration in the Coastal Marine Zone of Peru,2001,Javier Reategui Rossello. Protocolo Para el Monitoreo de Efluentes y Cuerpo Marino Receptor.,PRU_026,FALSE,http://www2.produce.gob.pe/dispositivos/publicaciones/rm293-2013-produce.pdf,,Peru,Southeast Pacific; Areas Beyond National Jurisdiction (ABNJ),Restricted,,FALSE,TRUE,FALSE,TRUE,TRUE,FALSE,,spa,TRUE,TRUE
Ecological status and impact,Sulfide Concentration in the Coastal Marine Zone of Peru,2001,Javier Reategui Rossello. Protocolo Para el Monitoreo de Efluentes y Cuerpo Marino Receptor.,PRU_027,FALSE,http://www2.produce.gob.pe/dispositivos/publicaciones/rm293-2013-produce.pdf,,Peru,Southeast Pacific; Areas Beyond National Jurisdiction (ABNJ),Restricted,,FALSE,TRUE,FALSE,TRUE,TRUE,FALSE,,spa,TRUE,TRUE
Ecological status and impact,Concentration of Oil Hydrocarbons in the Coastal Marine Zone of Peru,2001,Javier Reategui Rossello. Protocolo Para el Monitoreo de Efluentes y Cuerpo Marino Receptor.,PRU_028,FALSE,http://www2.produce.gob.pe/dispositivos/publicaciones/rm293-2013-produce.pdf,,Peru,Southeast Pacific; Areas Beyond National Jurisdiction (ABNJ),Restricted,,FALSE,TRUE,FALSE,TRUE,TRUE,FALSE,,spa,TRUE,TRUE
Ecological status and impact,Concentration of Oils and Fats in the Coastal Marine Zone of Peru,2001,Javier Reategui Rossello. Protocolo Para el Monitoreo de Efluentes y Cuerpo Marino Receptor.,PRU_029,FALSE,http://www2.produce.gob.pe/dispositivos/publicaciones/rm293-2013-produce.pdf,,Peru,Southeast Pacific; Areas Beyond National Jurisdiction (ABNJ),Restricted,,FALSE,TRUE,FALSE,TRUE,TRUE,FALSE,,spa,TRUE,TRUE
Ecological status and impact,Mercury Concentration in the Coastal Marine Zone of Peru,2001,Javier Reategui Rossello. Protocolo Para el Monitoreo de Efluentes y Cuerpo Marino Receptor.,PRU_030,FALSE,http://www2.produce.gob.pe/dispositivos/publicaciones/rm293-2013-produce.pdf,,Peru,Southeast Pacific; Areas Beyond National Jurisdiction (ABNJ),Restricted,,FALSE,TRUE,FALSE,TRUE,TRUE,FALSE,,spa,TRUE,TRUE
Ecological status and impact,Lead Concentration in the Coastal Marine Zone of Peru,2001,Javier Reategui Rossello. Protocolo Para el Monitoreo de Efluentes y Cuerpo Marino Receptor.,PRU_031,FALSE,http://www2.produce.gob.pe/dispositivos/publicaciones/rm293-2013-produce.pdf,,Peru,Southeast Pacific; Areas Beyond National Jurisdiction (ABNJ),Restricted,,FALSE,TRUE,FALSE,TRUE,TRUE,FALSE,,spa,TRUE,TRUE
Ecological status and impact,Cadmium Concentration in the Coastal Marine Zone of Peru,2001,Javier Reategui Rossello. Protocolo Para el Monitoreo de Efluentes y Cuerpo Marino Receptor.,PRU_032,FALSE,http://www2.produce.gob.pe/dispositivos/publicaciones/rm293-2013-produce.pdf,,Peru,Southeast Pacific; Areas Beyond National Jurisdiction (ABNJ),Restricted,,FALSE,TRUE,FALSE,TRUE,TRUE,FALSE,,spa,TRUE,TRUE
Ecological status and impact,Concentration of Arsenic in the Coastal Marine Zone of Peru,2001,Javier Reategui Rossello. Protocolo Para el Monitoreo de Efluentes y Cuerpo Marino Receptor.,PRU_033,FALSE,http://www2.produce.gob.pe/dispositivos/publicaciones/rm293-2013-produce.pdf,,Peru,Southeast Pacific; Areas Beyond National Jurisdiction (ABNJ),Restricted,,FALSE,TRUE,FALSE,TRUE,TRUE,FALSE,,spa,TRUE,TRUE
Ecological status and impact,Copper Concentration in the Coastal Marine Zone of Peru,2001,Javier Reategui Rossello. Protocolo Para el Monitoreo de Efluentes y Cuerpo Marino Receptor.,PRU_034,FALSE,http://www2.produce.gob.pe/dispositivos/publicaciones/rm293-2013-produce.pdf,,Peru,Southeast Pacific; Areas Beyond National Jurisdiction (ABNJ),Restricted,,FALSE,TRUE,FALSE,TRUE,TRUE,FALSE,,spa,TRUE,TRUE
Ecological status and impact,Concentration of Antimony in the Coastal Marine Zone of Peru,2001,Javier Reategui Rossello. Protocolo Para el Monitoreo de Efluentes y Cuerpo Marino Receptor.,PRU_035,FALSE,http://www2.produce.gob.pe/dispositivos/publicaciones/rm293-2013-produce.pdf,,Peru,Southeast Pacific; Areas Beyond National Jurisdiction (ABNJ),Restricted,,FALSE,TRUE,FALSE,TRUE,TRUE,FALSE,,spa,TRUE,TRUE
Ecological status and impact,Aluminum Concentration in the Coastal Marine Zone of Peru,2001,Javier Reategui Rossello. Protocolo Para el Monitoreo de Efluentes y Cuerpo Marino Receptor.,PRU_036,FALSE,http://www2.produce.gob.pe/dispositivos/publicaciones/rm293-2013-produce.pdf,,Peru,Southeast Pacific; Areas Beyond National Jurisdiction (ABNJ),Restricted,,FALSE,TRUE,FALSE,TRUE,TRUE,FALSE,,spa,TRUE,TRUE
Species distribution,Science for the conservation of migratory marine species in the Eastern Pacific,2016,MigraMar,REG_002,FALSE,http://migramar.org/hi/wp-content/uploads/2017/06/2017-Arauz-Bessudo-MigraMar-Booklet-EN-Ebook.pdf,,Peru; Chile; Ecuador; Colombia; Panama,Southeast Pacific; Areas Beyond National Jurisdiction (ABNJ),Unrestricted,,TRUE,TRUE,TRUE,TRUE,FALSE,FALSE,,eng,TRUE,TRUE
Species distribution,Micro-phytoplankton community structure in the coastal upwelling zone off Concepción (central Chile): Annual and inter-annual fluctuations in a highly dynamic environment,2016,Anabalón et al. ,CHL_028,FALSE,https://www.sciencedirect.com/science/article/pii/S0079661115300409,,Chile,Southeast Pacific; Areas Beyond National Jurisdiction (ABNJ),CC BY-NC-ND 3.0 or 4.0,https://www.sciencedirect.com/science/article/pii/S0079661115300409,TRUE,FALSE,FALSE,FALSE,TRUE,FALSE,,eng,TRUE,TRUE
Species distribution,Tracking apex marine predator movements in a dynamic ocean,2011,"Block BA, Jonsen ID, et al. ",GLB_001,FALSE,https://doi.org/10.1038/nature10082,,Global,Global; Areas Beyond National Jurisdiction (ABNJ),Unrestricted,,TRUE,TRUE,TRUE,TRUE,FALSE,FALSE,,eng,TRUE,TRUE
Species distribution,"Hotspots within hotspots? Hammerhead shark movements around Wolf Island, Galapagos Marine Reserve ",2010,Hearn et al.,ECU_011,FALSE,https://www.researchgate.net/publication/225428004_Hotspots_within_hotspots_Hammerhead_shark_movements_around_Wolf_Island_Galapagos_Marine_Reserve,,Ecuador,Southeast Pacific; Areas Beyond National Jurisdiction (ABNJ),Unrestricted,,TRUE,TRUE,TRUE,TRUE,FALSE,FALSE,,eng,TRUE,TRUE
Ecological status and impact,"Interaction of small cetaceans with artisanal fishing gear in the Machalilla National Park - Ecuador (Estudio sobre el impacto socioeconómico de la pesca artesanal en los estados miembros de la Comisión Permanente del Pacífico Sur. Guayaquil, Ecuador)",2003,International Whaling Commission SC/60/DW18. CPPS (Comisión Permanente del Pacífico Sur). (2003).,ECU_012,FALSE,https://www.researchgate.net/publication/257409788_Castro_y_Rosero_interaccion_cetaceos_PNM,,Ecuador,Southeast Pacific; Areas Beyond National Jurisdiction (ABNJ),Unrestricted,,TRUE,TRUE,FALSE,TRUE,FALSE,TRUE,,spa,TRUE,TRUE
Species distribution,Analysis of the perception of population trends of six species of sharks in the Galapagos marine reserve,2015,Peñaherrera-Palma C et al.,ECU_013,FALSE,https://www.galapagos.org/wp-content/uploads/2015/09/GalapagosReport_2013-2014-16-Penaherrera-Palma-111-117.pdf,,Ecuador,Southeast Pacific; Areas Beyond National Jurisdiction (ABNJ),Unrestricted,,TRUE,TRUE,TRUE,TRUE,TRUE,FALSE,,spa,TRUE,TRUE
Ecological status and impact,"Non-specific toxicity in port sediments, an approximation to the content of critical pollutants / Toxicidad no específica en sedimentos portuarios, una aproximación al contenido de contaminantes críticos",2009,Aguirre-Martinez et al. ,CHL_029,FALSE,https://scielo.conicyt.cl/pdf/revbiolmar/v44n3/art18.pdf,,Chile,Southeast Pacific; Areas Beyond National Jurisdiction (ABNJ),Unrestricted,,TRUE,TRUE,FALSE,TRUE,TRUE,FALSE,,spa,TRUE,TRUE
Environment descriptor,Water-column cooling and sea surface salinity increase in the upwelling region off central-south Chile driven by a poleward displacement of the South Pacific High,2017,Schneider et al.,CHL_030,FALSE,https://www.sciencedirect.com/science/article/pii/S007966111630032 5,https://www.biodiversitya-z.org/content/environmental-descriptors--2,Chile,Southeast Pacific; Areas Beyond National Jurisdiction (ABNJ),CC BY-NC-ND 3.0 or 4.0,https://www.sciencedirect.com/science/article/pii/S007966111630032 5,TRUE,TRUE,FALSE,TRUE,TRUE,FALSE,,eng,TRUE,TRUE
Species distribution,"Adult female whale sharks make long-distance movements past Darwin Island (Galapagos, Ecuador) in the Eastern Tropical Pacific",2016,Hearn et al.,ECU_016,FALSE,http://migramar.org/hi/wp-content/uploads/2017/06/2016-Hearn-Green-Adult-Female-Whale-Shark-Galapagos.pdf,,Ecuador,Southeast Pacific; Areas Beyond National Jurisdiction (ABNJ),Unrestricted,,TRUE,TRUE,FALSE,TRUE,FALSE,FALSE,,eng,TRUE,TRUE
Species distribution,"Whale Shark (Rhincodon typus) Seasonal Presence, Residence Time and Habitat Use at Darwin Island, Galapagos Marine Reserve
 ",2014,Acuña-Marrero D et al.,ECU_017,FALSE,https://journals.plos.org/plosone/article?id=10.1371/journal.pone.0115946,,Ecuador,Southeast Pacific; Areas Beyond National Jurisdiction (ABNJ),Unrestricted,,TRUE,TRUE,FALSE,TRUE,FALSE,FALSE,,eng,TRUE,TRUE
Protected areas and areas of biodiversity importance,"Large-scale marine protected areas: guidelines for design and management
 ",2017,Lewis et al.,REG_003,FALSE,https://portals.iucn.org/library/node/46933,https://www.biodiversitya-z.org/content/marine-protected-area-mpa,Global,Global,Unrestricted,,TRUE,TRUE,TRUE,TRUE,FALSE,FALSE,,eng,FALSE,TRUE
Ecological status and impact,Deep-sea fisheries off Latin America: an introduction,2009,Arana P. et al. ,CHL_031,FALSE,https://scielo.conicyt.cl/pdf/lajar/v37n3/art01.pdf,,Chile,Southeast Pacific; Areas Beyond National Jurisdiction (ABNJ),Unrestricted,,TRUE,TRUE,TRUE,TRUE,FALSE,TRUE,,eng,TRUE,TRUE
Species distribution,"Report of the population status of sharks Hammer in the Galapagos Marine Reserve (Reporte del estado poblacional
de los tiburones martillo en la Reserva Marina de Galápagos)",2016,Peñaherrera-Palma C et al.,ECU_018,FALSE,http://migramar.org/hi/wp-content/uploads/2017/06/2017-Penaherrera-Espinosa-Martillo-Galapagos.pdf,,Ecuador,Southeast Pacific; Areas Beyond National Jurisdiction (ABNJ),Unrestricted,,TRUE,TRUE,TRUE,TRUE,FALSE,FALSE,,spa,TRUE,TRUE
Species distribution,Tracking iconic migratory species among UNESCO World Heritage sites in the Eastern Tropical Pacific,2016,Nasar J. et al.,REG_004,FALSE,http://migramar.org/hi/wp-content/uploads/2017/06/2016-Nasar-Ketchum-UNESCO-Marine-Heritage-Sites.pdf,https://www.biodiversitya-z.org/content/migratory-species,Peru; Chile; Ecuador; Colombia; Panama,Southeast Pacific; Areas Beyond National Jurisdiction (ABNJ),Unrestricted,,TRUE,TRUE,FALSE,TRUE,FALSE,FALSE,,spa,TRUE,TRUE
Species distribution,Inter-island movements of scalloped hammerhead sharks (Sphyrna lewini) and seasonal connectivity in a marine protected area of the eastern tropical Pacific ,,Ketchum JT et al.,REG_005,FALSE,http://migramar.org/hi/wp-content/uploads/2017/06/2014-Ketchum-Hearn-Interisland-Movements-Hammerheads-Galapagos.pdf,,Peru; Chile; Ecuador; Colombia; Panama,Southeast Pacific; Areas Beyond National Jurisdiction (ABNJ),Unrestricted,,TRUE,TRUE,FALSE,TRUE,FALSE,FALSE,,eng,TRUE,TRUE
