Category,Dataset title,Version,Contact organisation,Dataset ID,Associated metadata?,Webpage and/or download,Factsheet URL,Country,Region,DIC_MET_ACCESS_USE_CONSTRAINT.NAME,License URL,Open Access,Marine Spatial Planning & Policy,Education,Environmental Impact & high-level screening,Ecosystem health & assessment,Ecosystem services and blue carbon,Metadata link,Language,ABNJ_rel,ABNJ project
Environment descriptor,AquaMaps Environmental Dataset,,"Aquamaps, a joint project of FishBase and SealifeBase",AquaMaps-003,FALSE,http://www.aquamaps.org/download/main.php,,Global,"Global, Areas Beyond National Jurisdiction (ABNJ)",CC BY-NC 3.0 or 4.0,https://www.aquamaps.org/main/TermsConditions.php,FALSE,FALSE,FALSE,FALSE,TRUE,FALSE,,English,TRUE,
Biodiversity-related data portal,PANGAEA,Updated regularly,"Alfred Wegener Institute, Helmholtz Center for Polar and Marine Research",AWI-001,TRUE,https://www.pangaea.de/?t=Oceans,,Global,"Global, Areas Beyond National Jurisdiction (ABNJ)",Specific Terms of Use,http://www.pangaeadata.com/PangaeaLicense.pdf,FALSE,FALSE,FALSE,FALSE,FALSE,FALSE,https://www.unep-wcmc.org/system/dataset_file_fields/files/000/000/341/original/McDermott_Long_et_al_-_OceanPlus_Library_-_8_Mar_2019.pdf?1552301984#page=291,English,TRUE,
Ecological status and impact,LITTERBASE Online Portal for Marine Litter,1,"Alfred Wegener Institute, Helmholtz Center for Polar and Marine Research",AWI-002,TRUE,https://litterbase.awi.de/litter,,Global,"Global, Areas Beyond National Jurisdiction (ABNJ)",Not Reported,,FALSE,FALSE,TRUE,TRUE,FALSE,FALSE,https://www.unep-wcmc.org/system/dataset_file_fields/files/000/000/341/original/McDermott_Long_et_al_-_OceanPlus_Library_-_8_Mar_2019.pdf?1552301984#page=263,English,TRUE,
Biogenic habitat,Global Habitat Suitability for Framework-Forming Cold-Water Corals (2011),1,"School of Ocean Sciences, University of Bangor",Bangor-001,TRUE,http://doi.pangaea.de/10.1594/PANGAEA.775081,http://wcmc.io/cold-coral,Global,"Global, Areas Beyond National Jurisdiction (ABNJ)",CC BY 3.0 or 4.0,https://doi.pangaea.de/10.1594/PANGAEA.775081,FALSE,TRUE,FALSE,FALSE,TRUE,TRUE,https://www.unep-wcmc.org/system/dataset_file_fields/files/000/000/341/original/McDermott_Long_et_al_-_OceanPlus_Library_-_8_Mar_2019.pdf?1552301984#page=31,English,TRUE,
Protected areas and areas of biodiversity importance,Global Distribution of Key Biodiversity Areas,2016,Birdlife International,Birdlife-001,TRUE,http://www.keybiodiversityareas.org/site/mapsearch,http://wcmc.io/KBA,Global,"Global, Areas Beyond National Jurisdiction (ABNJ)",Specific Terms of Use,http://www.keybiodiversityareas.org/info/dataterms,FALSE,TRUE,FALSE,TRUE,FALSE,FALSE,https://www.unep-wcmc.org/system/dataset_file_fields/files/000/000/341/original/McDermott_Long_et_al_-_OceanPlus_Library_-_8_Mar_2019.pdf?1552301984#page=151,English,TRUE,
Species distribution,Seabird Tracking Database,,Birdlife International,BirdLife-002,FALSE,http://www.seabirdtracking.org/,,Global,"Global, Areas Beyond National Jurisdiction (ABNJ)",Specific Terms of Use,http://seabirdtracking.org/termsofuse,FALSE,TRUE,FALSE,TRUE,TRUE,FALSE,,English,TRUE,
Protected areas and areas of biodiversity importance,Global Distribution of Ecologically or Biologically Significant Marine Areas (EBSAs),1,Secretariat of the Convention on Biological Diversity,CBD-001,TRUE,https://www.cbd.int/ebsa/,http://wcmc.io/EBSA,Global,"Global, Areas Beyond National Jurisdiction (ABNJ)",Specific Terms of Use,https://www.cbd.int/terms/,FALSE,TRUE,FALSE,TRUE,FALSE,FALSE,https://www.unep-wcmc.org/system/dataset_file_fields/files/000/000/341/original/McDermott_Long_et_al_-_OceanPlus_Library_-_8_Mar_2019.pdf?1552301984#page=161,English,TRUE,
Biogenic habitat,Marine Forests,1.0 (2018),Centre of Marine Sciences,CCMAR-001,TRUE,https://www.marineforests.com/,http://wcmc.io/seagrass,Global,"Global, Areas Beyond National Jurisdiction (ABNJ)",Specific Terms of Use,https://www.marineforests.com/,FALSE,FALSE,TRUE,FALSE,FALSE,TRUE,https://www.unep-wcmc.org/system/dataset_file_fields/files/000/000/341/original/McDermott_Long_et_al_-_OceanPlus_Library_-_8_Mar_2019.pdf?1552301984#page=7,English,TRUE,
Biogeographic classification,Global Distribution of Cold Seeps (2010),3,"University of Southampton, National Oceanography Centre",ChEssBase-001,TRUE,http://www.noc.soton.ac.uk/chess/science/sci_project.php,http://wcmc.io/cold-seep,Global,"Global, Areas Beyond National Jurisdiction (ABNJ)",CC BY 3.0 or 4.0,https://obis.org/dataset/471a8de8-80f8-43f9-9443-88a45712feba,FALSE,TRUE,FALSE,TRUE,TRUE,TRUE,https://www.unep-wcmc.org/system/dataset_file_fields/files/000/000/341/original/McDermott_Long_et_al_-_OceanPlus_Library_-_8_Mar_2019.pdf?1552301984#page=201,English,TRUE,
Biogeographic classification,Global Distribution of Hydrothermal Vents (2010),3,"University of Southampton, National Oceanography Centre",ChEssBase-002,TRUE,https://obis.org/dataset/471a8de8-80f8-43f9-9443-88a45712feba,http://wcmc.io/hydrothermal-vents,Global,"Global, Areas Beyond National Jurisdiction (ABNJ)",CC BY 3.0 or 4.0,https://obis.org/dataset/471a8de8-80f8-43f9-9443-88a45712feba,FALSE,TRUE,FALSE,TRUE,TRUE,TRUE,https://www.unep-wcmc.org/system/dataset_file_fields/files/000/000/341/original/McDermott_Long_et_al_-_OceanPlus_Library_-_8_Mar_2019.pdf?1552301984#page=195,English,TRUE,
Biogenic habitat,Global Wetlands Map,2.0 (2017),Centre for International Forestry Research,CIFOR-001,TRUE,https://www.cifor.org/global-wetlands/,,Global,Global,CC BY 3.0 or 4.0,https://data.cifor.org/dataset.xhtml?persistentId=doi:10.17528/CIFOR/DATA.00058,FALSE,TRUE,TRUE,TRUE,FALSE,FALSE,https://www.unep-wcmc.org/system/dataset_file_fields/files/000/000/341/original/McDermott_Long_et_al_-_OceanPlus_Library_-_8_Mar_2019.pdf?1552301984#page=10,English,FALSE,
Taxonomic database,Catalogue Of Life (CoL),,"Species 2000 Secretariat, Naturalis Biodiversity Center",CoL-001,TRUE,http://www.catalogueoflife.org,,Global,"Global, Areas Beyond National Jurisdiction (ABNJ)",Specific Terms of Use,http://www.catalogueoflife.org/col/info/copyright,FALSE,FALSE,FALSE,FALSE,TRUE,FALSE,https://www.unep-wcmc.org/system/dataset_file_fields/files/000/000/341/original/McDermott_Long_et_al_-_OceanPlus_Library_-_8_Mar_2019.pdf?1552301984#page=308,English,TRUE,
Biodiversity-related data portal,Copernicus - Marine Environment Monitoring Service,,Mercator Ocean,Copernicus-001,FALSE,http://marine.copernicus.eu/services-portfolio/access-to-products/,,Global,"Global, Areas Beyond National Jurisdiction (ABNJ)",Specific Terms of Use,http://marine.copernicus.eu/services-portfolio/service-commitments-and-licence/,FALSE,TRUE,FALSE,TRUE,FALSE,FALSE,,English,TRUE,
Species distribution,Migratory Connectivity in the Ocean (MiCo),N/A,"Marine Geospatial Ecology Lab, Duke University",Duke-001,TRUE,https://mico.eco/,,Global,"Global, Areas Beyond National Jurisdiction (ABNJ)",CC BY 3.0 or 4.0,https://mico.eco/terms/,FALSE,TRUE,TRUE,TRUE,TRUE,FALSE,https://www.unep-wcmc.org/system/dataset_file_fields/files/000/000/341/original/McDermott_Long_et_al_-_OceanPlus_Library_-_8_Mar_2019.pdf?1552301984#page=76,English,TRUE,
Ecological status and impact,Sailing Seas of Plastic,,Dumpark data science & information design,Dumpark-001,FALSE,http://app.dumpark.com/seas-of-plastic-2/#,,Global,"Global, Areas Beyond National Jurisdiction (ABNJ)",CC BY-NC-ND 3.0 or 4.0,http://app.dumpark.com/seas-of-plastic-2/#oceans,FALSE,FALSE,TRUE,TRUE,FALSE,FALSE,,English,TRUE,
Administration,Coastal Governance Index,,The Economist Intelligence Unit,EIU-001,FALSE,http://perspectives.eiu.com/sites/default/files/images/EIU_CGIndex_WEB%20final_0.pdf,,Global,Global,Not Reported,https://www.emodnet-seabedhabitats.eu/terms-of-use/#hfd2e562635da4460976df0a8220c415c,FALSE,TRUE,FALSE,FALSE,FALSE,FALSE,,English,FALSE,
Taxonomic database,Encyclopedia of Life (EoL),3,Encyclopedia of Life (EOL),EoL-001,TRUE,http://eol.org/,,Global,"Global, Areas Beyond National Jurisdiction (ABNJ)",Specific Terms of Use,https://www.marinetraffic.com/en/p/terms,FALSE,FALSE,FALSE,FALSE,TRUE,FALSE,https://www.unep-wcmc.org/system/dataset_file_fields/files/000/000/341/original/McDermott_Long_et_al_-_OceanPlus_Library_-_8_Mar_2019.pdf?1552301984#page=315,English,TRUE,
Ecological status and impact,Live Global Ship Tracking-AIS Marine Traffic,,Exmile Solutions Limited,ESL-001,FALSE,http://www.marinetraffic.com/en/ais/home/centerx:25.0/centery:37.0/zoom:10,,Global,"Global, Areas Beyond National Jurisdiction (ABNJ)",Unrestricted,https://www.marinetraffic.com/en/p/terms,FALSE,TRUE,FALSE,TRUE,FALSE,FALSE,,English,TRUE,
Biodiversity-related data portal,Living Atlas of the World,,ESRI,ESRI-001,FALSE,https://livingatlas.arcgis.com/en/#s=0,,Global,"Global, Areas Beyond National Jurisdiction (ABNJ)",Unrestricted,https://livingatlas.arcgis.com/en/#s=0,FALSE,FALSE,FALSE,FALSE,TRUE,FALSE,,English,TRUE,
Biogeographic classification,Ecological Marine Units (EMU),,ESRI,ESRI-002,FALSE,http://esri.maps.arcgis.com/home/group.html?id=6c78a5125d3244f38d1bc732ef0ee743#overview,,Global,"Global, Areas Beyond National Jurisdiction (ABNJ)",Unrestricted,http://esri.maps.arcgis.com/home/item.html?id=58526e3af88b46a3a1d1eb1738230ee3,FALSE,TRUE,FALSE,FALSE,TRUE,FALSE,,English,TRUE,
Administration,Global Distribution of Regional Fishery Bodies (2010),2010,Food and Agriculture Organization of the United Nations,FAO-001,TRUE,http://www.fao.org:80/geonetwork?uuid=cc7dbf20-1b8b-11dd-8bbb-0017f293bd28,,Global,"Global, Areas Beyond National Jurisdiction (ABNJ)",Specific Terms of Use,http://www.fao.org/geonetwork/srv/en/main.home?uuid=cc7dbf20-1b8b-11dd-8bbb-0017f293bd28#,TRUE,TRUE,FALSE,FALSE,FALSE,FALSE,https://www.unep-wcmc.org/system/dataset_file_fields/files/000/000/341/original/McDermott_Long_et_al_-_OceanPlus_Library_-_8_Mar_2019.pdf?1552301984#page=337,English,TRUE,
Protected areas and areas of biodiversity importance,Global Distribution of Vulnerable Marine Ecosystems (VMEs),1,Food and Agriculture Organization of the United Nations,FAO-002,TRUE,http://www.fao.org/in-action/vulnerable-marine-ecosystems/background/vme-tools/en/#download_shapefiles,http://wcmc.io/VME,Global,"Global, Areas Beyond National Jurisdiction (ABNJ)",Specific Terms of Use,http://www.fao.org/contact-us/terms/en/,FALSE,FALSE,FALSE,TRUE,FALSE,FALSE,https://www.unep-wcmc.org/system/dataset_file_fields/files/000/000/341/original/McDermott_Long_et_al_-_OceanPlus_Library_-_8_Mar_2019.pdf?1552301984#page=158,English,TRUE,
Administration,Statistical Areas For Fishery Purposes (2008),3,Food and Agriculture Organization of the United Nations,FAO-003,FALSE,http://www.fao.org/geonetwork/srv/en/main.home?uuid=ac02a460-da52-11dc-9d70-0017f293bd28,,Global,"Global, Areas Beyond National Jurisdiction (ABNJ)",Specific Terms of Use,http://www.fao.org/contact-us/terms/en/,FALSE,TRUE,FALSE,FALSE,FALSE,FALSE,,English,TRUE,
Biodiversity-related data portal,FAO GeoNetwork,,Food and Agriculture Organization of the United Nations,FAO-004,FALSE,http://www.fao.org/geonetwork/srv/en/main.home#,,Global,"Global, Areas Beyond National Jurisdiction (ABNJ)",Not Reported,http://www.fao.org/geonetwork/srv/en/main.home#,FALSE,TRUE,FALSE,FALSE,FALSE,FALSE,,English,TRUE,
Ecosystem services and natural capital,Funding the Ocean,1.0 (2018),Foundation Centre,FC-001,FALSE,https://fundingtheocean.org/,,Global,"Global, Areas Beyond National Jurisdiction (ABNJ)",Specific Terms of Use,https://fundingtheocean.org/,FALSE,FALSE,TRUE,FALSE,FALSE,TRUE,,English,TRUE,
Ecosystem services and natural capital,NATURVATION Financial and Economic Values Database (FEVD),1.0 (2017),Utrecht University,FEVD-001,FALSE,https://naturvation.eu/result/financial-and-economic-values-database,,Global,Global,Not Reported,https://naturvation.eu/result/financial-and-economic-values-database,FALSE,FALSE,FALSE,FALSE,TRUE,TRUE,,English,FALSE,
Biodiversity-related data portal,FishBase,Apr-19,FishBase Consortium,FishBase-001,TRUE,http://www.fishbase.org,,Global,"Global, Areas Beyond National Jurisdiction (ABNJ)",CC BY-NC 3.0 or 4.0,https://www.fishbase.in/search.php,FALSE,FALSE,FALSE,FALSE,TRUE,FALSE,https://www.unep-wcmc.org/system/dataset_file_fields/files/000/000/341/original/McDermott_Long_et_al_-_OceanPlus_Library_-_8_Mar_2019.pdf?1552301984#page=294,English,TRUE,
Administration,Global Administrative Areas,2.0 (January 2012),Global Administrative Areas,GADM-001,FALSE,http://www.gadm.org,,Global,Global,Specific Terms of Use,https://gadm.org/license.html,FALSE,TRUE,FALSE,FALSE,FALSE,FALSE,,English,FALSE,
Species distribution,Global Biodiversity Information Facility (GBIF),2017,Global Biodiversity Information Facility,GBIF-001,TRUE,http://www.gbif.org,,Global,"Global, Areas Beyond National Jurisdiction (ABNJ)",CC BY 3.0 or 4.0,https://www.gbif.org/terms,FALSE,TRUE,TRUE,TRUE,TRUE,FALSE,https://www.unep-wcmc.org/system/dataset_file_fields/files/000/000/341/original/McDermott_Long_et_al_-_OceanPlus_Library_-_8_Mar_2019.pdf?1552301984#page=83,English,TRUE,
Environment descriptor,General Bathymetric Chart of the Oceans (2008),GEBCO_2014 Grid,British Oceanographic Data Centre,GEBCO-001,FALSE,http://www.gebco.net/data_and_products/gridded_bathymetry_data,http://wcmc.io/environment-descriptors,Global,"Global, Areas Beyond National Jurisdiction (ABNJ)",Unrestricted,https://www.gebco.net/data_and_products/gridded_bathymetry_data/gebco_2019/gebco_2019_info.html,FALSE,TRUE,FALSE,FALSE,FALSE,FALSE,,English,TRUE,
Biodiversity-related data portal,The Global Earth Observation System of Systems (GEOSS) Portal,,Group on Earth Observations,GEO-001,FALSE,http://www.geoportal.org/,,Global,"Global, Areas Beyond National Jurisdiction (ABNJ)",Specific Terms of Use,https://www.geoportal.org/community/guest/terms-conditions,FALSE,TRUE,FALSE,FALSE,FALSE,FALSE,,"English, Polish",TRUE,
Ecological status and impact,Global Fishing Watch,Daily updates,Global Fishing Watch,GFW-001,TRUE,http://globalfishingwatch.org/data,,Global,"Global, Areas Beyond National Jurisdiction (ABNJ)",CC BY-SA 4.0,https://globalfishingwatch.org/terms-of-use/,FALSE,FALSE,TRUE,TRUE,FALSE,FALSE,https://www.unep-wcmc.org/system/dataset_file_fields/files/000/000/341/original/McDermott_Long_et_al_-_OceanPlus_Library_-_8_Mar_2019.pdf?1552301984#page=253,English,TRUE,
Environment descriptor,Bio-ORACLE: a Global Environmental Dataset for Marine Species Distribution Modelling (2012),,"Phycology Research Group, Ghent University",Ghent-001,FALSE,http://www.oracle.ugent.be,http://wcmc.io/environment-descriptors,Global,"Global, Areas Beyond National Jurisdiction (ABNJ)",GNU (similar to CC BY-SA 4.0),http://www.gnu.org/licenses/lgpl.html,FALSE,FALSE,FALSE,FALSE,TRUE,FALSE,,English,TRUE,
Administration,Global Maritime Boundaries Database (GMBD) (2008),,"General Dynamics Advanced Information Systems, Inc.",GMBD-001,FALSE,http://www.globalgisdata.com/10974.html,,Global,"Global, Areas Beyond National Jurisdiction (ABNJ)",Specific Terms of Use,http://www.globalgisdata.com/downloads/GlobalGISdataProductsEndUserLicenseAgreement.pdf,TRUE,TRUE,FALSE,FALSE,FALSE,FALSE,,English,TRUE,
Environment descriptor,Global Marine Environment Dataset (GMED),2,"Institute of Marine Science, University of Auckland",GMED-001,FALSE,http://gmed.auckland.ac.nz/index.html,http://wcmc.io/environment-descriptors,Global,"Global, Areas Beyond National Jurisdiction (ABNJ)",GNU (similar to CC BY-SA 4.0),www.gnu.org/licenses/lgpl.html,FALSE,TRUE,FALSE,FALSE,FALSE,FALSE,,English,TRUE,
Biogenic habitat,Global Mangrove Watch,2,Global Mangrove Watch,GMW-001,TRUE,https://data.unep-wcmc.org/datasets/45,http://wcmc.io/mangroves,Global,Global,CC BY 3.0 or 4.0,https://data.unep-wcmc.org/datasets/45,TRUE,FALSE,FALSE,FALSE,TRUE,TRUE,https://www.unep-wcmc.org/system/dataset_file_fields/files/000/000/341/original/McDermott_Long_et_al_-_OceanPlus_Library_-_8_Mar_2019.pdf?1552301984#page=16,English,FALSE,
Ecological status and impact,Global Ocean Acidification Observing Network,,Global Ocean Acidification Observation Network,GOAON-001,FALSE,http://portal.goa-on.org/Explorer,,Global,"Global, Areas Beyond National Jurisdiction (ABNJ)",Not Reported,http://portal.goa-on.org/Explorer,FALSE,FALSE,FALSE,TRUE,FALSE,FALSE,,English,TRUE,
Biogeographic classification,Seafloor Geomorphic Features Map (2014),2014,GRID-Arendal,GridA-001,TRUE,http://www.bluehabitats.org/?page_id=58,,Global,"Global, Areas Beyond National Jurisdiction (ABNJ)",CC BY 3.0 or 4.0,http://www.bluehabitats.org/?page_id=58,TRUE,TRUE,TRUE,FALSE,FALSE,FALSE,https://www.unep-wcmc.org/system/dataset_file_fields/files/000/000/341/original/McDermott_Long_et_al_-_OceanPlus_Library_-_8_Mar_2019.pdf?1552301984#page=182,English,TRUE,
Species distribution,Global Register of Migratory Species (2004),,Zoologisches Forschungsinstitut und Museum Alexander Koenig,GROMS-001,FALSE,http://www.groms.de,,Global,"Global, Areas Beyond National Jurisdiction (ABNJ)",Not Reported,http://www.groms.de/groms/JPGs/Small_Ones/index.html,TRUE,TRUE,FALSE,TRUE,TRUE,FALSE,,"English, German",TRUE,
Ecosystem services and natural capital,History of Marine Animal Populations (HMAP) ,,"Maritime Historical Studies Centre, University of Hull",HMAP-001,FALSE,https://oceanspast.org/hmap_db.php#toc2,,Global,"Global, Areas Beyond National Jurisdiction (ABNJ)",Not Reported,https://oceanspast.org/hmap_db.php,FALSE,FALSE,TRUE,FALSE,FALSE,FALSE,,English,TRUE,
Biodiversity-related data portal,Integrated Biodiversity Assessment Tool (IBAT),,Integrated Biodiversity Assessment Tool,IBAT-001,TRUE,https://www.ibat-alliance.org/ibat-conservation/login,,Global,"Global, Areas Beyond National Jurisdiction (ABNJ)",Specific Terms of Use,https://www.ibat-alliance.org/terms,FALSE,TRUE,FALSE,TRUE,FALSE,FALSE,https://www.unep-wcmc.org/system/dataset_file_fields/files/000/000/341/original/McDermott_Long_et_al_-_OceanPlus_Library_-_8_Mar_2019.pdf?1552301984#page=304,English,TRUE,
Ecological status and impact,Submarine Cable Map,,International Cable Protection Committee,ICPC-001,TRUE,https://iscpc.org/cable-data,,Global,"Global, Areas Beyond National Jurisdiction (ABNJ)",CC BY-NC-SA 3.0 or 4.0,https://github.com/telegeography/www.submarinecablemap.com,FALSE,TRUE,FALSE,TRUE,FALSE,FALSE,https://www.unep-wcmc.org/system/dataset_file_fields/files/000/000/341/original/McDermott_Long_et_al_-_OceanPlus_Library_-_8_Mar_2019.pdf?1552301984#page=260,English,TRUE,
Ecological status and impact,Maritime Portal: Sea-web and AISLive Ship Tracking Intelligence,,IHS Markit,IHS-001,FALSE,https://www.ihs.com/products/maritime-ship-tracker-ais-live-ship-data-seaweb.html,,Global,"Global, Areas Beyond National Jurisdiction (ABNJ)",Specific Terms of Use,https://www.ihs.com/products/maritime-ship-tracker-ais-live-ship-data-seaweb.html,FALSE,TRUE,FALSE,TRUE,FALSE,FALSE,,English,TRUE,
Protected areas and areas of biodiversity importance,Global Distribution of Particularly Sensitive Sea Areas (PSSA),2016,Claymoreclan Design,IMO-001,TRUE,http://pssa.imo.org,http://wcmc.io/PSSA,Global,"Global, Areas Beyond National Jurisdiction (ABNJ)",Specific Terms of Use,http://www.imo.org/en/About/Pages/PrivacyPolicy.aspx,FALSE,TRUE,FALSE,TRUE,FALSE,FALSE,https://www.unep-wcmc.org/system/dataset_file_fields/files/000/000/341/original/McDermott_Long_et_al_-_OceanPlus_Library_-_8_Mar_2019.pdf?1552301984#page=164,English,TRUE,
Biogeographic classification,Global Distribution of Hydrothermal Vent Fields,3.4 (October 2015),Institut de Physique du Globe de Paris,IntRid-001,TRUE,http://vents-data.interridge.org/ventfields_list_all,http://wcmc.io/hydrothermal-vents,Global,"Global, Areas Beyond National Jurisdiction (ABNJ)",CC BY-NC-SA 3.0 or 4.0,http://vents-data.interridge.org/ventfields_list_all,FALSE,TRUE,FALSE,FALSE,TRUE,TRUE,https://www.unep-wcmc.org/system/dataset_file_fields/files/000/000/341/original/McDermott_Long_et_al_-_OceanPlus_Library_-_8_Mar_2019.pdf?1552301984#page=195,English,TRUE,
Ecological status and impact,Global Nutrient Export From Watersheds,,Intergovernmental Oceanographic Commission of UNESCO,IOC-001,FALSE,https://marine.rutgers.edu/globalnews/datasets.htm,,Global,Global,Not Reported,https://marine.rutgers.edu/globalnews/datasets.htm,FALSE,TRUE,FALSE,TRUE,FALSE,FALSE,,English,FALSE,
Environment descriptor,Global Atlas of Renewable Energy,3,The International Renewable Energy Agency,IRENA-001,FALSE,https://irena.masdar.ac.ae/gallery/#gallery,,Global,Global,Specific Terms of Use,https://irena.masdar.ac.ae/gallery/#gallery,TRUE,TRUE,FALSE,TRUE,FALSE,FALSE,,English,FALSE,
Species distribution,Spatial Data for the Red List of Threatened Species,v5.1,International Union for Conservation of Nature,IUCN-001,TRUE,http://www.iucnredlist.org,http://www.iucnredlist.org/technical-documents/spatial-data,Global,"Global, Areas Beyond National Jurisdiction (ABNJ)",Specific Terms of Use,http://www.iucnredlist.org/info/terms-of-use,FALSE,TRUE,FALSE,TRUE,TRUE,FALSE,https://www.unep-wcmc.org/system/dataset_file_fields/files/000/000/341/original/McDermott_Long_et_al_-_OceanPlus_Library_-_8_Mar_2019.pdf?1552301984#page=123,English,TRUE,
Species distribution,Corrected and Refined Mangrove Species Ranges (2014),1.0 (December 2014),UN Environment World Conservation Monitoring Centre,IUCN-002,TRUE,mailto:oceanplus@unep-wcmc.org,http://wcmc.io/mangroves,Global,Global,Specific Terms of Use,mailto:oceanplus@unep-wcmc.org,FALSE,TRUE,FALSE,FALSE,TRUE,TRUE,https://www.unep-wcmc.org/system/dataset_file_fields/files/000/000/341/original/McDermott_Long_et_al_-_OceanPlus_Library_-_8_Mar_2019.pdf?1552301984#page=126,English,FALSE,
Protected areas and areas of biodiversity importance,Global Distribution of Important Marine Mammal Areas (IMMAs),Dec-18,Marine Mammal Protected Areas Task Force,IUCN-003,FALSE,https://www.marinemammalhabitat.org/imma-eatlas/,,Global,"Global, Areas Beyond National Jurisdiction (ABNJ)",Specific Terms of Use,https://www.dropbox.com/s/5bw74go5wijmkye/IUCN%20IMMA%20Terms%20and%20Conditions%20of%20Use.pdf?dl=0,FALSE,TRUE,FALSE,TRUE,FALSE,FALSE,,English,TRUE,
Ecological status and impact,IWC Global Ship Strikes Database,1,Tethys Research Institute,IWC-001,FALSE,https://iwc.int/ship-strikes,,Global,"Global, Areas Beyond National Jurisdiction (ABNJ)",Not Reported,https://iwc.int/ship-strikes,FALSE,TRUE,FALSE,TRUE,FALSE,FALSE,,English,TRUE,
Ecological status and impact,Global distribution of deep-sea debris (2017),On-going,Global Oceanographic Data Centre of Japan Agency for Marine-Earth Science and Technology,JAMSTEC-001,TRUE,http://www.godac.jamstec.go.jp/dsdebris/e/,,Global,"Global, Areas Beyond National Jurisdiction (ABNJ)",Specific Terms of Use,http://www.godac.jamstec.go.jp/jedi/e/readme.html,FALSE,FALSE,TRUE,TRUE,TRUE,FALSE,https://www.unep-wcmc.org/system/dataset_file_fields/files/000/000/341/original/McDermott_Long_et_al_-_OceanPlus_Library_-_8_Mar_2019.pdf?1552301984#page=233,English,TRUE,
Species distribution,Global Distribution of Northern Fur Seals (2013),1.0 (August 2013),Albert-Ludwigs-University of Freiburg,Kaschner-001,TRUE,http://www.aquamaps.org,,Global,Global,CC BY-NC 3.0 or 4.0,https://www.aquamaps.org/main/TermsConditions.php,FALSE,FALSE,TRUE,FALSE,TRUE,FALSE,https://www.unep-wcmc.org/system/dataset_file_fields/files/000/000/341/original/McDermott_Long_et_al_-_OceanPlus_Library_-_8_Mar_2019.pdf?1552301984#page=93,English,FALSE,
Species distribution,Global Distribution of Hawaiian Monk Seals (2013),1.0 (August 2013),Albert-Ludwigs-University of Freiburg,Kaschner-002,TRUE,http://www.aquamaps.org,,Global,Global,CC BY-NC 3.0 or 4.0,https://www.aquamaps.org/main/TermsConditions.php,FALSE,FALSE,TRUE,FALSE,TRUE,FALSE,https://www.unep-wcmc.org/system/dataset_file_fields/files/000/000/341/original/McDermott_Long_et_al_-_OceanPlus_Library_-_8_Mar_2019.pdf?1552301984#page=96,English,FALSE,
Species distribution,Global Distribution of Grey Seals (2013),1.0 (August 2013),Albert-Ludwigs-University of Freiburg,Kaschner-003,TRUE,http://www.aquamaps.org,,Global,Global,CC BY-NC 3.0 or 4.0,https://www.aquamaps.org/main/TermsConditions.php,FALSE,FALSE,TRUE,FALSE,TRUE,FALSE,https://www.unep-wcmc.org/system/dataset_file_fields/files/000/000/341/original/McDermott_Long_et_al_-_OceanPlus_Library_-_8_Mar_2019.pdf?1552301984#page=99,English,FALSE,
Species distribution,Global Distribution of Hector's Dolphins (2013),1.0 (August 2013),Albert-Ludwigs-University of Freiburg,Kaschner-004,TRUE,http://www.aquamaps.org,,Global,"Global, Areas Beyond National Jurisdiction (ABNJ)",CC BY-NC 3.0 or 4.0,https://www.aquamaps.org/main/TermsConditions.php,FALSE,FALSE,TRUE,FALSE,TRUE,FALSE,https://www.unep-wcmc.org/system/dataset_file_fields/files/000/000/341/original/McDermott_Long_et_al_-_OceanPlus_Library_-_8_Mar_2019.pdf?1552301984#page=102,English,TRUE,
Species distribution,Global Distribution of Northern Bottlenose Whales (2013),1.0 (August 2013),Albert-Ludwigs-University of Freiburg,Kaschner-005,TRUE,http://www.aquamaps.org,,Global,"Global, Areas Beyond National Jurisdiction (ABNJ)",CC BY-NC 3.0 or 4.0,https://www.aquamaps.org/main/TermsConditions.php,FALSE,FALSE,TRUE,FALSE,TRUE,FALSE,https://www.unep-wcmc.org/system/dataset_file_fields/files/000/000/341/original/McDermott_Long_et_al_-_OceanPlus_Library_-_8_Mar_2019.pdf?1552301984#page=108,English,TRUE,
Species distribution,Global Distribution of Sperm Whales (2013),1.0 (August 2013),Albert-Ludwigs-University of Freiburg,Kaschner-006,TRUE,http://www.aquamaps.org,,Global,"Global, Areas Beyond National Jurisdiction (ABNJ)",CC BY-NC 3.0 or 4.0,https://www.aquamaps.org/main/TermsConditions.php,FALSE,FALSE,TRUE,FALSE,TRUE,FALSE,https://www.unep-wcmc.org/system/dataset_file_fields/files/000/000/341/original/McDermott_Long_et_al_-_OceanPlus_Library_-_8_Mar_2019.pdf?1552301984#page=111,English,TRUE,
Species distribution,Global Distribution of Bowhead Whales (2013),1.0 (August 2013),Albert-Ludwigs-University of Freiburg,Kaschner-008,TRUE,http://www.aquamaps.org,,Global,"Global, Areas Beyond National Jurisdiction (ABNJ)",CC BY-NC 3.0 or 4.0,https://www.aquamaps.org/main/TermsConditions.php,FALSE,FALSE,TRUE,FALSE,TRUE,FALSE,https://www.unep-wcmc.org/system/dataset_file_fields/files/000/000/341/original/McDermott_Long_et_al_-_OceanPlus_Library_-_8_Mar_2019.pdf?1552301984#page=114,English,TRUE,
Species distribution,Global Distribution of Sei Whales (2013),1.0 (August 2013),Albert-Ludwigs-University of Freiburg,Kaschner-009,TRUE,http://www.aquamaps.org,,Global,"Global, Areas Beyond National Jurisdiction (ABNJ)",CC BY-NC 3.0 or 4.0,https://www.aquamaps.org/main/TermsConditions.php,FALSE,FALSE,TRUE,FALSE,TRUE,FALSE,https://www.unep-wcmc.org/system/dataset_file_fields/files/000/000/341/original/McDermott_Long_et_al_-_OceanPlus_Library_-_8_Mar_2019.pdf?1552301984#page=117,English,TRUE,
Species distribution,Global Distribution of Atlantic Spotted Dolphins (2013),1.0 (August 2013),Albert-Ludwigs-University of Freiburg,Kaschner-011,TRUE,http://www.aquamaps.org,,Global,"Global, Areas Beyond National Jurisdiction (ABNJ)",CC BY-NC 3.0 or 4.0,https://www.aquamaps.org/main/TermsConditions.php,FALSE,FALSE,TRUE,FALSE,TRUE,FALSE,https://www.unep-wcmc.org/system/dataset_file_fields/files/000/000/341/original/McDermott_Long_et_al_-_OceanPlus_Library_-_8_Mar_2019.pdf?1552301984#page=105,English,TRUE,
Species distribution,Global Distribution of Melon-Headed Whales (2013),1.0 (August 2013),Albert-Ludwigs-University of Freiburg,Kaschner-012,TRUE,http://www.aquamaps.org,,Global,"Global, Areas Beyond National Jurisdiction (ABNJ)",CC BY-NC 3.0 or 4.0,https://www.aquamaps.org/main/TermsConditions.php,FALSE,FALSE,TRUE,FALSE,TRUE,FALSE,https://www.unep-wcmc.org/system/dataset_file_fields/files/000/000/341/original/McDermott_Long_et_al_-_OceanPlus_Library_-_8_Mar_2019.pdf?1552301984#page=120,English,TRUE,
Protected areas and areas of biodiversity importance,Marine Protection Atlas (MPAtlas),,Marine Conservation Institute,MCI-001,FALSE,http://www.mpatlas.org/data/download/,,Global,"Global, Areas Beyond National Jurisdiction (ABNJ)",Unrestricted,http://www.mpatlas.org/data/download/,FALSE,TRUE,FALSE,FALSE,FALSE,FALSE,,English,TRUE,
Biodiversity-related data portal,Map Of Life (MOL),,Yale University,MoL-001,FALSE,https://mol.org/datasets/,,Global,"Global, Areas Beyond National Jurisdiction (ABNJ)",Specific Terms of Use,https://mol.org/tos,FALSE,TRUE,TRUE,FALSE,TRUE,FALSE,,English,TRUE,
Species distribution,Movebank,,Max Planck Institute for Ornithology,MovBnk-001,TRUE,https://www.movebank.org,,Global,"Global, Areas Beyond National Jurisdiction (ABNJ)",CC0 1.0,https://www.movebank.org/node/2220#licenses,TRUE,TRUE,FALSE,TRUE,FALSE,FALSE,https://www.unep-wcmc.org/system/dataset_file_fields/files/000/000/341/original/McDermott_Long_et_al_-_OceanPlus_Library_-_8_Mar_2019.pdf?1552301984#page=79,English,TRUE,
Biogenic habitat,Global Distribution of Tidal Flat Ecosystems,1.0 (2019),The University of Queensland,MUR-001,TRUE,https://wcmc.io/MUR_001,,Global,Global,CC BY 3.0 or 4.0,https://creativecommons.org/licenses/by/4.0/,FALSE,FALSE,FALSE,FALSE,FALSE,FALSE,https://www.unep-wcmc.org/system/dataset_file_fields/files/000/000/341/original/McDermott_Long_et_al_-_OceanPlus_Library_-_8_Mar_2019.pdf?1552301984#page=13,English,FALSE,
Administration,Natural Earth,Variable,Natural Earth,NatEarth-001,TRUE,http://www.naturalearthdata.com/,,Global,"Global, Areas Beyond National Jurisdiction (ABNJ)",CC0 1.0,https://www.naturalearthdata.com/about/terms-of-use/,TRUE,TRUE,TRUE,FALSE,FALSE,FALSE,https://www.unep-wcmc.org/system/dataset_file_fields/files/000/000/341/original/McDermott_Long_et_al_-_OceanPlus_Library_-_8_Mar_2019.pdf?1552301984#page=321,English,TRUE,
Biodiversity-related data portal,Global Registry Of Biodiversity Repositories,,National Center for Biotechnology Information,NCBI-001,FALSE,https://docs.google.com/spreadsheets/d/1IoyLuuJvmGhma-cGlmjIQKs65qq-YEXWiZNc1lZen_c/edit#gid=0,,Global,"Global, Areas Beyond National Jurisdiction (ABNJ)",Not Reported,https://docs.google.com/spreadsheets/d/1IoyLuuJvmGhma-cGlmjIQKs65qq-YEXWiZNc1lZen_c/edit#gid=0,FALSE,TRUE,FALSE,FALSE,FALSE,FALSE,,English,TRUE,
Ecological status and impact,A Global Map of Human Impacts to Marine Ecosystems (2008),2008,"National Centre for Ecological Analysis and Synthesis, University of California",NCEAS-001,FALSE,https://www.nature.com/articles/ncomms8615#rightslink,,Global,"Global, Areas Beyond National Jurisdiction (ABNJ)",Specific Terms of Use,https://www.nature.com/articles/ncomms8615#rightslink,FALSE,FALSE,FALSE,TRUE,FALSE,FALSE,,English,TRUE,
Ecological status and impact,Global Data for the Ocean Health Index (2012),2012 - Present,"National Centre for Ecological Analysis and Synthesis, University of California",NCEAS-002,TRUE,http://www.oceanhealthindex.org,,Global,"Global, Areas Beyond National Jurisdiction (ABNJ)",Specific Terms of Use,http://www.oceanhealthindex.org/terms-of-service,FALSE,FALSE,TRUE,TRUE,TRUE,FALSE,https://www.unep-wcmc.org/system/dataset_file_fields/files/000/000/341/original/McDermott_Long_et_al_-_OceanPlus_Library_-_8_Mar_2019.pdf?1552301984#page=243,English,TRUE,
Ecological status and impact,Spatial and temporal changes in cumulative human impacts on the world’s ocean (2015),1.0 (July 2015),"National Centre for Ecological Analysis and Synthesis, University of California",NCEAS-003,FALSE,https://knb.ecoinformatics.org/#data/query=%28Halpern%20Cumulative%20human%20impacts%29/page/0,,Global,"Global, Areas Beyond National Jurisdiction (ABNJ)",CC BY 3.0 or 4.0,https://knb.ecoinformatics.org/about,FALSE,FALSE,FALSE,FALSE,FALSE,FALSE,,English,TRUE,
Biodiversity-related data portal,Knowledge Network for Biocomplexity (KNB),,"National Centre for Ecological Analysis and Synthesis, University of California",NCEAS-004,TRUE,https://knb.ecoinformatics.org,,Global,"Global, Areas Beyond National Jurisdiction (ABNJ)",CC BY 3.0 or 4.0,https://knb.ecoinformatics.org/about,FALSE,TRUE,FALSE,FALSE,FALSE,FALSE,https://www.unep-wcmc.org/system/dataset_file_fields/files/000/000/341/original/McDermott_Long_et_al_-_OceanPlus_Library_-_8_Mar_2019.pdf?1552301984#page=288,English,TRUE,
Administration,Global Distribution of Ports: World Port Index (2011),,National Geospatial - Intelligence Agency,NG-AI-001,FALSE,https://msi.nga.mil/NGAPortal/MSI.portal?_nfpb=true&_pageLabel=msi_portal_page_62&pubCode=0015,,Global,Global,Not Reported,https://msi.nga.mil/NGAPortal/MSI.portal?_nfpb=true&_st=&_pageLabel=msi_portal_page_148,TRUE,TRUE,FALSE,TRUE,FALSE,FALSE,,English,FALSE,
Biogeographic classification,Large Marine Ecosystems of the World (2013),Jul-13,"Large Marine Ecosystem Program, National Oceanic and Atmospheric Administration-Fisheries",NOAA-001,TRUE,https://www.st.nmfs.noaa.gov/ecosystems/lme/index,,Global,"Global, Areas Beyond National Jurisdiction (ABNJ)",Specific Terms of Use,https://www.st.nmfs.noaa.gov/ecosystems/lme/index,FALSE,TRUE,FALSE,FALSE,TRUE,FALSE,https://www.unep-wcmc.org/system/dataset_file_fields/files/000/000/341/original/McDermott_Long_et_al_-_OceanPlus_Library_-_8_Mar_2019.pdf?1552301984#page=171,English,TRUE,
Ecological status and impact,NOAA Coral Reef Watch,3.1 (August 2018),National Oceanic and Atmospheric Administration,NOAA-002,FALSE,http://coralreefwatch.noaa.gov/satellite/composites/index.php,,Global,"Global, Areas Beyond National Jurisdiction (ABNJ)",Not Reported,https://coralreefwatch.noaa.gov/satellite/docs/recommendations_crw_citation.php,FALSE,TRUE,TRUE,TRUE,TRUE,TRUE,,English,TRUE,
Ecological status and impact,World Ocean Atlas,,National Oceanic and Atmospheric Administration,NOAA-003,FALSE,https://www.nodc.noaa.gov/OC5/WOA09/pr_woa09.html,,Global,"Global, Areas Beyond National Jurisdiction (ABNJ)",Not Reported,https://www.nodc.noaa.gov/OC5/WOA09/pr_woa09.html,FALSE,TRUE,FALSE,FALSE,FALSE,FALSE,,English,TRUE,
Environment descriptor,NOAA CoastWatch/OceanWatch,,"National Environmental Satellite, Data, and Information Service of the National Oceanic and Atmospheric Administration",NOAA-004,FALSE,https://coastwatch.noaa.gov/cw/index.html,,Global,"Global, Areas Beyond National Jurisdiction (ABNJ)",Not Reported,https://coastwatch.noaa.gov/cw/index.html,FALSE,FALSE,FALSE,TRUE,TRUE,FALSE,,English,TRUE,
Species distribution,Global Modelled Distribution of Xenophyophores,1.0 (2014),"University of Southampton, National Oceanography Centre",NOC-001,FALSE,https://doi.org/10.1016/j.dsr.2014.07.012,,Global,"Global, Areas Beyond National Jurisdiction (ABNJ)",Not Reported,https://doi.org/10.1016/j.dsr.2014.07.012,FALSE,TRUE,FALSE,FALSE,TRUE,FALSE,,English,TRUE,
Biodiversity metric,Global Map of Shannon's Index of Biodiversity (OBIS),2014,"OBIS Secretariat, Intergovernmental Oceanographic Commission (UNESCO)",OBIS-001,TRUE,http://data.unep-wcmc.org/datasets/15,,Global,"Global, Areas Beyond National Jurisdiction (ABNJ)",Specific Terms of Use,https://obis.org/data/policy/,FALSE,FALSE,FALSE,FALSE,TRUE,FALSE,https://www.unep-wcmc.org/system/dataset_file_fields/files/000/000/341/original/McDermott_Long_et_al_-_OceanPlus_Library_-_8_Mar_2019.pdf?1552301984#page=132,English,TRUE,
Biodiversity metric,Global Map of Hurlbert's Index of Biodiversity (OBIS),2014,"OBIS Secretariat, Intergovernmental Oceanographic Commission (UNESCO)",OBIS-002,TRUE,http://data.unep-wcmc.org/datasets/16,,Global,"Global, Areas Beyond National Jurisdiction (ABNJ)",Specific Terms of Use,https://obis.org/data/policy/,FALSE,FALSE,FALSE,FALSE,TRUE,FALSE,https://www.unep-wcmc.org/system/dataset_file_fields/files/000/000/341/original/McDermott_Long_et_al_-_OceanPlus_Library_-_8_Mar_2019.pdf?1552301984#page=135,English,TRUE,
Species distribution,Ocean Biogeographic Information System (OBIS),,"OBIS Secretariat, Intergovernmental Oceanographic Commission (UNESCO)",OBIS-003,TRUE,http://www.iobis.org,,Global,"Global, Areas Beyond National Jurisdiction (ABNJ)",Specific Terms of Use,https://obis.org/data/policy/,FALSE,TRUE,FALSE,FALSE,TRUE,FALSE,https://www.unep-wcmc.org/system/dataset_file_fields/files/000/000/341/original/McDermott_Long_et_al_-_OceanPlus_Library_-_8_Mar_2019.pdf?1552301984#page=87,English,TRUE,
Species distribution,Ocean Biogeographic Information System Spatial Ecological Analysis of Megavertebrate Populations (OBIS-SEAMAP),Updated regularly,"Marine Geospatial Ecology Lab, Duke University",OBIS-004,TRUE,http://seamap.env.duke.edu,,Global,"Global, Areas Beyond National Jurisdiction (ABNJ)",Specific Terms of Use,http://seamap.env.duke.edu/content/content/termsofuse,FALSE,TRUE,FALSE,FALSE,TRUE,FALSE,https://www.unep-wcmc.org/system/dataset_file_fields/files/000/000/341/original/McDermott_Long_et_al_-_OceanPlus_Library_-_8_Mar_2019.pdf?1552301984#page=90,English,TRUE,
Ecological status and impact,Planet OS Datahub,,Planet OS,PlanetOS-001,FALSE,https://data.planetos.com/datasets?state=eyJrZXl3b3JkIjoiIiwicGFnZSI6MH0,,Global,"Global, Areas Beyond National Jurisdiction (ABNJ)",Specific Terms of Use,https://data.planetos.com/datasets?state=eyJrZXl3b3JkIjoiIiwicGFnZSI6MH0,FALSE,TRUE,FALSE,TRUE,FALSE,FALSE,,English,TRUE,
Ecological status and impact,RAM Legacy Stock Assessment Database,4.44 (2018),"School of Aquatic and Fishery Sciences, University of Washington",RAM-001,TRUE,https://zenodo.org/record/2542919#.XT1dHOhKiPr,,Global,"Global, Areas Beyond National Jurisdiction (ABNJ)",CC BY 3.0 or 4.0,https://zenodo.org/record/2542919#.XT1dHOhKiPr,FALSE,TRUE,FALSE,FALSE,TRUE,FALSE,https://www.unep-wcmc.org/system/dataset_file_fields/files/000/000/341/original/McDermott_Long_et_al_-_OceanPlus_Library_-_8_Mar_2019.pdf?1552301984#page=256,English,TRUE,
Ecological status and impact,Reef Life Survey (RLS),,University of TasmaniaÂ ,RLS-001,TRUE,http://reeflifesurvey.imas.utas.edu.au/static/landing.html,,Global,Global,CC BY-NC 3.0 or 4.0,http://reeflifesurvey.imas.utas.edu.au/static/landing.html,FALSE,FALSE,FALSE,FALSE,TRUE,TRUE,https://www.unep-wcmc.org/system/dataset_file_fields/files/000/000/341/original/McDermott_Long_et_al_-_OceanPlus_Library_-_8_Mar_2019.pdf?1552301984#page=247,English,FALSE,
Species habitat,Fish Aggregation Database,2013,Science and Conservation of Fish Aggregations,SCRFA-001,FALSE,https://www.scrfa.org/database-scrfa/,,Global,"Global, Areas Beyond National Jurisdiction (ABNJ)",Not Reported,https://www.scrfa.org/database-scrfa/,FALSE,TRUE,FALSE,FALSE,TRUE,TRUE,,English,TRUE,
Taxonomic database,SeaLifeBase,Apr-15,"Sea Around Us, University of British Columbia",SLBase-001,TRUE,http://www.sealifebase.org,,Global,"Global, Areas Beyond National Jurisdiction (ABNJ)",CC BY-NC 3.0 or 4.0,https://www.sealifebase.org/search.php?lang=English,FALSE,FALSE,FALSE,FALSE,TRUE,FALSE,https://www.unep-wcmc.org/system/dataset_file_fields/files/000/000/341/original/McDermott_Long_et_al_-_OceanPlus_Library_-_8_Mar_2019.pdf?1552301984#page=318,"English, French, German, Spanish, Portuguese, Italian",TRUE,
Species habitat,Global Distribution of Sea Turtle Nesting Sites (2011),2011,State of the World's Sea Turtles,SWOT-001,FALSE,http://www.seaturtlestatus.org,http://wcmc.io/turtle-nesting-site,Global,"Global, Areas Beyond National Jurisdiction (ABNJ)",UNEP-WCMC General Data Licence,https://www.unep-wcmc.org/policies/general-data-license-excluding-wdpa,FALSE,TRUE,TRUE,FALSE,TRUE,FALSE,,English,TRUE,
Species habitat,Global Distributions of Habitat Suitability for Sea Turtle Nesting Sites (2012),2012,State of the World's Sea Turtles,SWOT-002,FALSE,http://www.seaturtlestatus.org,http://wcmc.io/turtle-nesting-site,Global,"Global, Areas Beyond National Jurisdiction (ABNJ)",Specific Terms of Use,https://www.seaturtlestatus.org/terms-of-use,FALSE,TRUE,FALSE,FALSE,TRUE,FALSE,,English,TRUE,
Biodiversity-related data portal,The State of the World's Sea Turtles (SWOT) Online Database,,State of the World's Sea Turtles,SWOT-003,FALSE,http://www.seaturtlestatus.org,,Global,"Global, Areas Beyond National Jurisdiction (ABNJ)",Specific Terms of Use,https://www.seaturtlestatus.org/terms-of-use,FALSE,TRUE,FALSE,FALSE,TRUE,FALSE,,English,TRUE,
Species distribution,Biomass Of Deep Sea Floor,,Texas A&M University,TAM-001,FALSE,http://journals.plos.org/plosone/article?id=10.1371/journal.pone.0015323#s5,,Global,"Global, Areas Beyond National Jurisdiction (ABNJ)",CC BY 3.0 or 4.0,https://journals.plos.org/plosone/article?id=10.1371/journal.pone.0015323,FALSE,TRUE,FALSE,FALSE,TRUE,FALSE,,English,TRUE,
Ecological status and impact,Threatened Island Biodiversity Database,1.0 (2016),Island Conservation,TIBD-001,TRUE,http://tib.islandconservation.org/,,Global,"Global, Areas Beyond National Jurisdiction (ABNJ)",Specific Terms of Use,http://tib.islandconservation.org/,FALSE,FALSE,TRUE,TRUE,TRUE,FALSE,https://www.unep-wcmc.org/system/dataset_file_fields/files/000/000/341/original/McDermott_Long_et_al_-_OceanPlus_Library_-_8_Mar_2019.pdf?1552301984#page=272,English,TRUE,
Biogenic habitat,Global Distribution of Modelled Mangrove Biomass (2014),1.0 (2014),The Nature Conservancy,TNC-001,TRUE,http://data.unep-wcmc.org/datasets/39,http://wcmc.io/mangroves,Global,Global,UNEP-WCMC General Data Licence,https://www.unep-wcmc.org/policies/general-data-license-excluding-wdpa,FALSE,TRUE,TRUE,FALSE,TRUE,TRUE,https://www.unep-wcmc.org/system/dataset_file_fields/files/000/000/341/original/McDermott_Long_et_al_-_OceanPlus_Library_-_8_Mar_2019.pdf?1552301984#page=49,English,FALSE,
Biodiversity-related data portal,Atlas of Global Conservation,2014,The Nature Conservancy,TNC-002,TRUE,https://databasin.org/galleries/2d2d35ae3bc34399976b598ed7893254,,Global,"Global, Areas Beyond National Jurisdiction (ABNJ)",Unrestricted,https://databasin.org/galleries/2d2d35ae3bc34399976b598ed7893254,FALSE,FALSE,TRUE,FALSE,TRUE,FALSE,https://www.unep-wcmc.org/system/dataset_file_fields/files/000/000/341/original/McDermott_Long_et_al_-_OceanPlus_Library_-_8_Mar_2019.pdf?1552301984#page=296,English,TRUE,
Biogeographic classification,Coral Ecoregions of the World (2009),1,Coral Reef Research,TNC-003,TRUE,https://www.jstage.jst.go.jp/article/galaxea/11/2/11_2_91/_pdf,,Global,Global,Specific Terms of Use,https://www.jstage.jst.go.jp/article/galaxea/11/2/11_2_91/_pdf,FALSE,FALSE,TRUE,FALSE,TRUE,FALSE,https://www.unep-wcmc.org/system/dataset_file_fields/files/000/000/341/original/McDermott_Long_et_al_-_OceanPlus_Library_-_8_Mar_2019.pdf?1552301984#page=188,English,FALSE,
Ecosystem services and natural capital,Mapping Ocean Wealth,,"Mapping Ocean Wealth, The Nature Conservancy",TNC-004,TRUE,http://maps.oceanwealth.org/,,Global,"Global, Areas Beyond National Jurisdiction (ABNJ)",CC BY-NC-SA 3.0 or 4.0,https://oceanwealth.org/wp-content/uploads/2018/08/Natural-Solutions-Toolkit-Data-Sharing-Agreement.pdf,FALSE,FALSE,TRUE,FALSE,FALSE,TRUE,https://www.unep-wcmc.org/system/dataset_file_fields/files/000/000/341/original/McDermott_Long_et_al_-_OceanPlus_Library_-_8_Mar_2019.pdf?1552301984#page=220,English,TRUE,
Biodiversity-related data portal,Global Database of Natural Coastal Defences,,The Nature Conservancy,TNC-005,FALSE,https://maps.coastalresilience.org/,,Global,Global,Unrestricted,https://coastalresilience.org/terms-of-use/,FALSE,TRUE,FALSE,FALSE,FALSE,TRUE,,English,FALSE,
Biogeographic classification,Global Estuary Database (2003),2.0 (2014),"Sea Around Us, University of British Columbia",UBC-003,TRUE,http://data.unep-wcmc.org/datasets/23,http://www.marbef.org/wiki/estuaries,Global,Global,UNEP-WCMC General Data Licence,https://www.unep-wcmc.org/policies/general-data-license-excluding-wdpa,FALSE,TRUE,FALSE,FALSE,TRUE,FALSE,https://www.unep-wcmc.org/system/dataset_file_fields/files/000/000/341/original/McDermott_Long_et_al_-_OceanPlus_Library_-_8_Mar_2019.pdf?1552301984#page=185,English,FALSE,
Biogeographic classification,Large Seamount Areas (2004),1,"Sea Around Us, University of British Columbia",UBC-004,TRUE,http://www.seaaroundus.org/large-seamount-areas/,http://wcmc.io/seamounts,Global,"Global, Areas Beyond National Jurisdiction (ABNJ)",CC BY 3.0 or 4.0,http://www.seaaroundus.org/terms-and-conditions/,FALSE,TRUE,FALSE,TRUE,FALSE,FALSE,https://www.unep-wcmc.org/system/dataset_file_fields/files/000/000/341/original/McDermott_Long_et_al_-_OceanPlus_Library_-_8_Mar_2019.pdf?1552301984#page=193,English,TRUE,
Ecological status and impact,Fishing Gear Associated With Global Marine Catches,2008,"Sea Around Us, University of British Columbia",UBC-008,FALSE,https://doi.org/10.1016/j.fishres.2006.01.010,,Global,"Global, Areas Beyond National Jurisdiction (ABNJ)",CC BY-NC 3.0 or 4.0,https://creativecommons.org/licenses/by-nc/4.0/,FALSE,FALSE,TRUE,TRUE,FALSE,FALSE,,English,TRUE,
Ecosystem services and natural capital,Sea Around Us,,"Sea Around Us, University of British Columbia",UBC-009,TRUE,http://www.seaaroundus.org,,Global,"Global, Areas Beyond National Jurisdiction (ABNJ)",CC BY-NC 3.0 or 4.0,http://www.seaaroundus.org/terms-and-conditions/,FALSE,FALSE,TRUE,TRUE,FALSE,TRUE,https://www.unep-wcmc.org/system/dataset_file_fields/files/000/000/341/original/McDermott_Long_et_al_-_OceanPlus_Library_-_8_Mar_2019.pdf?1552301984#page=228,English,TRUE,
Ecological status and impact,ShipMap,1.0 (2012),University College London Energy Institute,UCL-001,TRUE,https://www.shipmap.org/,,Global,"Global, Areas Beyond National Jurisdiction (ABNJ)",Unrestricted,https://www.shipmap.org/,FALSE,TRUE,TRUE,FALSE,TRUE,FALSE,https://www.unep-wcmc.org/system/dataset_file_fields/files/000/000/341/original/McDermott_Long_et_al_-_OceanPlus_Library_-_8_Mar_2019.pdf?1552301984#page=231,English,TRUE,
Biogenic habitat,Kelp Ecosystem Ecology Network (KEEN),,University of Massachusetts Boston,UMASS-001,FALSE,http://www.kelpecosystems.org/,,Global,Global,CC BY 3.0 or 4.0,http://catalogue-temperatereefbase.imas.utas.edu.au/geonetwork/srv/eng/metadata.show?uuid=a869dfaa-59a7-4d2f-aaa6-47c2dae5741a,FALSE,FALSE,FALSE,FALSE,TRUE,TRUE,,English,FALSE,
Biodiversity-related data portal,Environmental Data Explorer,,UN Environment,UNEP-003,FALSE,http://geodata.grid.unep.ch,,Global,"Global, Areas Beyond National Jurisdiction (ABNJ)",Unrestricted,http://geodata.grid.unep.ch/extras/agreement.php,FALSE,FALSE,TRUE,FALSE,TRUE,TRUE,,English,TRUE,
Biodiversity-related data portal,UNEP Live,,UN Environment,UNEP-004,FALSE,http://uneplive.unep.org,,Global,"Global, Areas Beyond National Jurisdiction (ABNJ)",Unrestricted,http://uneplive.unep.org/Home/termsconditions,FALSE,FALSE,FALSE,FALSE,TRUE,TRUE,,English,TRUE,
Biogeographic classification,Marine Biogeographic Realms,1.0 (2017),"Institute of Marine Science, University of Auckland, Auckland",UniAuk-001,TRUE,https://figshare.com/articles/GIS_shape_files_of_realm_maps/5596840,http://www.biodiversitya-z.org/content/biogeographic-classification-marine,Global,"Global, Areas Beyond National Jurisdiction (ABNJ)",CC BY 3.0 or 4.0,https://figshare.com/articles/GIS_shape_files_of_realm_maps/5596840,FALSE,TRUE,TRUE,FALSE,FALSE,FALSE,https://www.unep-wcmc.org/system/dataset_file_fields/files/000/000/341/original/McDermott_Long_et_al_-_OceanPlus_Library_-_8_Mar_2019.pdf?1552301984#page=179,English,TRUE,
Species habitat,A Modelled Global Distribution of the Seagrass Biome,1.0 (2018),"Institute of Marine Science, University of Auckland, Auckland",UniAuk-002,TRUE,http://data.unep-wcmc.org/datasets/46,http://wcmc.io/seagrass,Global,Global,CC BY 3.0 or 4.0,https://data.unep-wcmc.org/datasets/46,TRUE,FALSE,FALSE,FALSE,TRUE,TRUE,https://www.unep-wcmc.org/system/dataset_file_fields/files/000/000/341/original/McDermott_Long_et_al_-_OceanPlus_Library_-_8_Mar_2019.pdf?1552301984#page=71,English,FALSE,
Ecological status and impact,Plastic Debris Open Ocean (2014),2014,University of Cadiz,UniCadiz-001,TRUE,http://www.pnas.org/content/111/28/10239.full,,Global,"Global, Areas Beyond National Jurisdiction (ABNJ)",Specific Terms of Use,http://www.pnas.org/content/111/28/10239.full,FALSE,FALSE,TRUE,TRUE,FALSE,FALSE,https://www.unep-wcmc.org/system/dataset_file_fields/files/000/000/341/original/McDermott_Long_et_al_-_OceanPlus_Library_-_8_Mar_2019.pdf?1552301984#page=266,English,TRUE,
Environment descriptor,Global Crustal Model (2013),,"Scripps Institution of Oceanography, University of California",UniCal-002,FALSE,http://igppweb.ucsd.edu/~gabi/crust1.html,,Global,"Global, Areas Beyond National Jurisdiction (ABNJ)",Not Reported,https://igppweb.ucsd.edu/~gabi/rem.html,FALSE,TRUE,FALSE,FALSE,FALSE,FALSE,,English,TRUE,
Protected areas and areas of biodiversity importance,Global Shark Distribution Database (2011),2011,Dalhousie University,UniDahl-003,TRUE,http://journals.plos.org/plosone/article?id=10.1371/journal.pone.0019356,,Global,"Global, Areas Beyond National Jurisdiction (ABNJ)",CC BY 3.0 or 4.0,https://journals.plos.org/plosone/article?id=10.1371/journal.pone.0019356,FALSE,FALSE,FALSE,FALSE,TRUE,FALSE,https://www.unep-wcmc.org/system/dataset_file_fields/files/000/000/341/original/McDermott_Long_et_al_-_OceanPlus_Library_-_8_Mar_2019.pdf?1552301984#page=168,English,TRUE,
Species distribution,Ocean Tracking Network,,Dalhousie University,UniDalh-001,FALSE,http://members.oceantrack.org/data/discovery/GLOBAL.htm,,Global,"Global, Areas Beyond National Jurisdiction (ABNJ)",Unrestricted,https://members.oceantrack.org/data/policies/otn-data-policy-2018.pdf,FALSE,TRUE,TRUE,TRUE,TRUE,FALSE,,English,TRUE,
Ecosystem services and natural capital,Marine Ecosystem Services Partnership (MESP),,"Nicholas Institute for Environmental Policy Solutions, Duke University",UniDuke-001,TRUE,http://map.marineecosystemservices.org/,,Global,Global,Specific Terms of Use,http://map.marineecosystemservices.org/,FALSE,FALSE,FALSE,FALSE,FALSE,TRUE,https://www.unep-wcmc.org/system/dataset_file_fields/files/000/000/341/original/McDermott_Long_et_al_-_OceanPlus_Library_-_8_Mar_2019.pdf?1552301984#page=168,English,FALSE,
Administration,Global Distribution of Biological Field Stations,,"Leibniz-Institute of Freshwater Ecology and Inland Fisheries, IGB",IGB-001,FALSE,http://atlas.freshwaterbiodiversity.eu/index.php/explore/item/55-biological-field-stations,,Global,Global,CC BY 3.0 or 4.0,http://atlas.freshwaterbiodiversity.eu/index.php/maps?map=4.5.1-biological-field-stations,FALSE,TRUE,FALSE,FALSE,FALSE,FALSE,,English,FALSE,
Ecological status and impact,Forecasted Coral Reef Decline,,University of Fribourg,UniFri-001,FALSE,https://onlinelibrary.wiley.com/doi/abs/10.1111/gcb.12868,,Global,Global,Not Reported,https://onlinelibrary.wiley.com/doi/abs/10.1111/gcb.12868,FALSE,FALSE,FALSE,TRUE,TRUE,TRUE,,English,FALSE,
Ecosystem services and natural capital,A Global Map Of Coastal Recreation Values (2013),,University of Haifa,UniHaif-001,FALSE,https://doi.org/10.1016/j.ecolecon.2012.11.006,,Global,Global,Not Reported,https://doi.org/10.1016/j.ecolecon.2012.11.006,FALSE,FALSE,FALSE,FALSE,FALSE,TRUE,,English,FALSE,
Administration,"Global Self-consistent, Hierarchical, High-resolution Geography Database",2.3.4 (March 2015),"School of Ocean and Earth Science and Technology, University of Hawaii",UniHaw-001,TRUE,http://www.soest.hawaii.edu/pwessel/gshhg,,Global,"Global, Areas Beyond National Jurisdiction (ABNJ)",GNU (similar to CC BY-SA 4.0),http://www.soest.hawaii.edu/pwessel/gshhg,TRUE,TRUE,FALSE,FALSE,FALSE,FALSE,https://www.unep-wcmc.org/system/dataset_file_fields/files/000/000/341/original/McDermott_Long_et_al_-_OceanPlus_Library_-_8_Mar_2019.pdf?1552301984#page=225,English,TRUE,
Biogeographic classification,A Proposed Biogeography of the Deep Oceans (2013),2009,University of Hawaii,UniHaw-002,FALSE,mailto:oceanplus@unep-wcmc.org,,Global,"Global, Areas Beyond National Jurisdiction (ABNJ)",Not Reported,mailto:oceanplus@unep-wcmc.org,FALSE,FALSE,FALSE,FALSE,TRUE,FALSE,,English,TRUE,
Biogeographic classification,Global Seamount Database (2011),0.1,"School of Ocean and Earth Science and Technology, University of Hawaii",UniHaw-003,FALSE,http://www.soest.hawaii.edu/PT/SMTS/main.html,http://wcmc.io/seamounts,Global,"Global, Areas Beyond National Jurisdiction (ABNJ)",Not Reported,http://www.soest.hawaii.edu/PT/SMTS/main.html,FALSE,TRUE,FALSE,TRUE,TRUE,FALSE,,English,TRUE,
Ecological status and impact,Coral Reef Bright Spot,,"James Cook University, Townsville Campus",UniJC-001,FALSE,https://www.nature.com/articles/nature18607,,Global,Global,Not Reported,https://www.nature.com/articles/nature18607,FALSE,FALSE,TRUE,FALSE,TRUE,TRUE,,English,FALSE,
Biogenic habitat,Coral Trait Database,,Macquarie University,UniMacq-001,FALSE,https://www.nature.com/articles/sdata201617#data-records,,Global,Global,CC BY 3.0 or 4.0,https://figshare.com/articles/Coral_Trait_Database_1_1_1/2067414,FALSE,FALSE,FALSE,FALSE,TRUE,TRUE,,English,FALSE,
Biogenic habitat,Global Spatiotemporal Database of Mangrove Forest Cover (2014) (CGMFC-21),1.0 (2014),Salisbury University,UniSal-001,TRUE,http://faculty.salisbury.edu/~sehamilton/mangroves/,,Global,Global,CC BY 3.0 or 4.0,http://faculty.salisbury.edu/~sehamilton/mangroves/,FALSE,TRUE,TRUE,TRUE,TRUE,TRUE,https://www.unep-wcmc.org/system/dataset_file_fields/files/000/000/341/original/McDermott_Long_et_al_-_OceanPlus_Library_-_8_Mar_2019.pdf?1552301984#page=42,English,FALSE,
Environment descriptor,Global Seafloor Sediment Map,,Service Hydrographique et OcÃ©anographique de la Marine,UniSyd-001,TRUE,ftp://ftp.earthbyte.org/papers/Dutkiewicz_etal_seafloor_lithology/,,Global,"Global, Areas Beyond National Jurisdiction (ABNJ)",Specific Terms of Use,ftp://ftp.earthbyte.org/papers/Dutkiewicz_etal_seafloor_lithology/,FALSE,TRUE,FALSE,FALSE,FALSE,FALSE,https://www.unep-wcmc.org/system/dataset_file_fields/files/000/000/341/original/McDermott_Long_et_al_-_OceanPlus_Library_-_8_Mar_2019.pdf?1552301984#page=207,English,TRUE,
Administration,Maritime Boundaries incl. Exclusive Economic Zones (EEZ),10.0 (2018),Flanders Marine Institute,VLIZ-001,TRUE,http://www.marineregions.org,,Global,"Global, Areas Beyond National Jurisdiction (ABNJ)",CC BY-NC-SA 3.0 or 4.0,http://www.marineregions.org/disclaimer.php,FALSE,TRUE,FALSE,FALSE,FALSE,FALSE,https://www.unep-wcmc.org/system/dataset_file_fields/files/000/000/341/original/McDermott_Long_et_al_-_OceanPlus_Library_-_8_Mar_2019.pdf?1552301984#page=335,English,TRUE,
Administration,Marine Regions Data Portal,,Flanders Marine Institute,VLIZ-003,TRUE,http://www.marineregions.org,,Global,"Global, Areas Beyond National Jurisdiction (ABNJ)",CC BY-NC-SA 3.0 or 4.0,http://www.marineregions.org/disclaimer.php,FALSE,TRUE,FALSE,FALSE,FALSE,FALSE,https://www.unep-wcmc.org/system/dataset_file_fields/files/000/000/341/original/McDermott_Long_et_al_-_OceanPlus_Library_-_8_Mar_2019.pdf?1552301984#page=345,English,TRUE,
Taxonomic database,World Register of Marine Species (WoRMS),,Flanders Marine Institute,VLIZ-004,TRUE,http://www.marinespecies.org/,,Global,"Global, Areas Beyond National Jurisdiction (ABNJ)",CC BY 3.0 or 4.0,http://www.marinespecies.org/porifera/index.php,FALSE,FALSE,FALSE,FALSE,TRUE,FALSE,https://www.unep-wcmc.org/system/dataset_file_fields/files/000/000/341/original/McDermott_Long_et_al_-_OceanPlus_Library_-_8_Mar_2019.pdf?1552301984#page=312,English,TRUE,
Taxonomic database,Mangrove Reference Database and Herbarium,,Flanders Marine Institute,VLIZ-005,FALSE,http://www.vliz.be/vmdcdata/mangroves,,Global,Global,Not Reported,http://www.vliz.be/vmdcdata/mangroves/#cite,FALSE,FALSE,FALSE,FALSE,TRUE,TRUE,,English,FALSE,
Taxonomic database,World Porifera Database (sponges),,Flanders Marine Institute,VLIZ-006,FALSE,http://www.marinespecies.org/porifera,,Global,"Global, Areas Beyond National Jurisdiction (ABNJ)",Specific Terms of Use,http://www.marinespecies.org/porifera/index.php,FALSE,FALSE,FALSE,FALSE,TRUE,FALSE,,English,TRUE,
Biogeographic classification,Longhurst Biogeographical Provinces (2006),,Flanders Marine Institute,VLIZ-007,TRUE,http://www.marineregions.org,,Global,"Global, Areas Beyond National Jurisdiction (ABNJ)",CC BY-NC-SA 3.0 or 4.0,http://www.marineregions.org/disclaimer.php,FALSE,TRUE,FALSE,FALSE,FALSE,FALSE,https://www.unep-wcmc.org/system/dataset_file_fields/files/000/000/341/original/McDermott_Long_et_al_-_OceanPlus_Library_-_8_Mar_2019.pdf?1552301984#page=173,English,TRUE,
Ecological status and impact,World Register of Introduced Marine Species (WRIMS),,Flanders Marine Institute,VLIZ-008,FALSE,http://www.marinespecies.org/introduced/online_sources.php,,Global,"Global, Areas Beyond National Jurisdiction (ABNJ)",Not Reported,http://www.marinespecies.org/introduced/,FALSE,FALSE,FALSE,TRUE,TRUE,FALSE,,English,TRUE,
Ecological status and impact,SeagrassNet: Global Seagrass Monitoring Network (2013),2013,"Washington State Department of Natural Resources, Aquatic Resources Division",WaDNR-001,TRUE,http://www.seagrassnet.org/about-seagrassnet,http://wcmc.io/seagrass,Global,Global,Specific Terms of Use,http://www.seagrassnet.org,FALSE,TRUE,FALSE,FALSE,TRUE,TRUE,https://www.unep-wcmc.org/system/dataset_file_fields/files/000/000/341/original/McDermott_Long_et_al_-_OceanPlus_Library_-_8_Mar_2019.pdf?1552301984#page=258,English,FALSE,
Biogenic habitat,Global Distribution of Cold-water Corals,5.0 (June 2018),UN Environment World Conservation Monitoring Centre,WCMC-001,TRUE,http://data.unep-wcmc.org/datasets/3,http://wcmc.io/cold-coral,Global,"Global, Areas Beyond National Jurisdiction (ABNJ)",UNEP-WCMC General Data Licence,https://www.unep-wcmc.org/policies/general-data-license-excluding-wdpa,FALSE,TRUE,TRUE,TRUE,TRUE,TRUE,https://www.unep-wcmc.org/system/dataset_file_fields/files/000/000/341/original/McDermott_Long_et_al_-_OceanPlus_Library_-_8_Mar_2019.pdf?1552301984#page=27,English,TRUE,
Biodiversity metric,Global Sea Turtle Species Richness (2002),,UN Environment World Conservation Monitoring Centre,WCMC-003,FALSE,mailto:oceanplus@unep-wcmc.org,http://wcmc.io/biodiversity-metric,Global,"Global, Areas Beyond National Jurisdiction (ABNJ)",Not Reported,mailto:oceanplus@unep-wcmc.org,FALSE,FALSE,FALSE,FALSE,TRUE,TRUE,,English,TRUE,
Ecological status and impact,Legacy dataset - Global Coral Disease Database (2010),1,UN Environment World Conservation Monitoring Centre,WCMC-004,FALSE,mailto:oceanplus@unep-wcmc.org,,Global,Global,UNEP-WCMC General Data Licence,https://www.unep-wcmc.org/policies/general-data-license-excluding-wdpa,FALSE,FALSE,FALSE,TRUE,TRUE,TRUE,,English,FALSE,
Administration,"Global Distribution of Islands ""IBPoW"" (2010)",1,UN Environment World Conservation Monitoring Centre,WCMC-005,TRUE,mailto:oceanplus@unep-wcmc.org,,Global,"Global, Areas Beyond National Jurisdiction (ABNJ)",UNEP-WCMC General Data Licence,https://www.unep-wcmc.org/policies/general-data-license-excluding-wdpa,FALSE,TRUE,FALSE,FALSE,FALSE,FALSE,https://www.unep-wcmc.org/system/dataset_file_fields/files/000/000/341/original/McDermott_Long_et_al_-_OceanPlus_Library_-_8_Mar_2019.pdf?1552301984#page=329,English,TRUE,
Species habitat,Global Distribution of Sea Turtle Feeding Sites (1999),1.1 (May 2015),UN Environment World Conservation Monitoring Centre,WCMC-006,TRUE,http://data.unep-wcmc.org/datasets/21,,Global,"Global, Areas Beyond National Jurisdiction (ABNJ)",UNEP-WCMC General Data Licence,https://www.unep-wcmc.org/policies/general-data-license-excluding-wdpa,FALSE,TRUE,FALSE,TRUE,TRUE,FALSE,https://www.unep-wcmc.org/system/dataset_file_fields/files/000/000/341/original/McDermott_Long_et_al_-_OceanPlus_Library_-_8_Mar_2019.pdf?1552301984#page=74,English,TRUE,
Species habitat,Global Distribution of Sea Turtle Nesting Sites (1999),1.1 (May 2015),UN Environment World Conservation Monitoring Centre,WCMC-007,TRUE,http://data.unep-wcmc.org/datasets/22,http://wcmc.io/turtle-nesting-site,Global,"Global, Areas Beyond National Jurisdiction (ABNJ)",UNEP-WCMC General Data Licence,https://www.unep-wcmc.org/policies/general-data-license-excluding-wdpa,FALSE,TRUE,FALSE,TRUE,TRUE,FALSE,https://www.unep-wcmc.org/system/dataset_file_fields/files/000/000/341/original/McDermott_Long_et_al_-_OceanPlus_Library_-_8_Mar_2019.pdf?1552301984#page=68,English,TRUE,
Biogenic habitat,Global Distribution of Coral Reefs,3.0 (June 2018),UN Environment World Conservation Monitoring Centre,WCMC-008,TRUE,http://data.unep-wcmc.org/datasets/1,http://wcmc.io/warm_coral_reef,Global,Global,UNEP-WCMC General Data Licence,https://www.unep-wcmc.org/policies/general-data-license-excluding-wdpa,FALSE,TRUE,TRUE,TRUE,TRUE,TRUE,https://www.unep-wcmc.org/system/dataset_file_fields/files/000/000/341/original/McDermott_Long_et_al_-_OceanPlus_Library_-_8_Mar_2019.pdf?1552301984#page=20,English,FALSE,
Biogenic habitat,Global Distribution of Coral Reefs - 1 Km Data (2003),7,UN Environment World Conservation Monitoring Centre,WCMC-009,TRUE,mailto:oceanplus@unep-wcmc.org,http://wcmc.io/warm_coral_reef,Global,Global,UNEP-WCMC General Data Licence,https://www.unep-wcmc.org/policies/general-data-license-excluding-wdpa,FALSE,TRUE,FALSE,FALSE,TRUE,TRUE,https://www.unep-wcmc.org/system/dataset_file_fields/files/000/000/341/original/McDermott_Long_et_al_-_OceanPlus_Library_-_8_Mar_2019.pdf?1552301984#page=25,English,FALSE,
Biogenic habitat,Global Distribution of Mangroves USGS (2011),1.3 (June 2015),UN Environment World Conservation Monitoring Centre,WCMC-010,TRUE,http://data.unep-wcmc.org/datasets/4,http://wcmc.io/mangroves,Global,Global,UNEP-WCMC General Data Licence,https://www.unep-wcmc.org/policies/general-data-license-excluding-wdpa,FALSE,TRUE,TRUE,TRUE,TRUE,TRUE,https://www.unep-wcmc.org/system/dataset_file_fields/files/000/000/341/original/McDermott_Long_et_al_-_OceanPlus_Library_-_8_Mar_2019.pdf?1552301984#page=39,English,FALSE,
Biogenic habitat,World Atlas of Mangroves,3.0 (June 2018),UN Environment World Conservation Monitoring Centre,WCMC-011,TRUE,http://data.unep-wcmc.org/datasets/5,http://wcmc.io/mangroves,Global,Global,UNEP-WCMC General Data Licence,https://www.unep-wcmc.org/policies/general-data-license-excluding-wdpa,FALSE,TRUE,TRUE,TRUE,TRUE,TRUE,https://www.unep-wcmc.org/system/dataset_file_fields/files/000/000/341/original/McDermott_Long_et_al_-_OceanPlus_Library_-_8_Mar_2019.pdf?1552301984#page=45,English,FALSE,
Biogenic habitat,World Mangrove Atlas (1997),1,UN Environment World Conservation Monitoring Centre,WCMC-012,TRUE,mailto:oceanplus@unep-wcmc.org,http://wcmc.io/mangroves,Global,Global,UNEP-WCMC General Data Licence,https://www.unep-wcmc.org/policies/general-data-license-excluding-wdpa,FALSE,FALSE,FALSE,FALSE,TRUE,TRUE,https://www.unep-wcmc.org/system/dataset_file_fields/files/000/000/341/original/McDermott_Long_et_al_-_OceanPlus_Library_-_8_Mar_2019.pdf?1552301984#page=52,English,FALSE,
Biogenic habitat,Global Distribution of Seagrasses,6.0 (June 2018),UN Environment World Conservation Monitoring Centre,WCMC-013-014,TRUE,http://data.unep-wcmc.org/datasets/7,http://wcmc.io/seagrass,Global,"Global, Areas Beyond National Jurisdiction (ABNJ)",UNEP-WCMC General Data Licence,https://www.unep-wcmc.org/policies/general-data-license-excluding-wdpa,FALSE,TRUE,TRUE,TRUE,TRUE,TRUE,https://www.unep-wcmc.org/system/dataset_file_fields/files/000/000/341/original/McDermott_Long_et_al_-_OceanPlus_Library_-_8_Mar_2019.pdf?1552301984#page=56,English,TRUE,
Biodiversity metric,Global Seagrass Species Richness (2003),1,UN Environment World Conservation Monitoring Centre,WCMC-015,TRUE,http://data.unep-wcmc.org/datasets/9,http://wcmc.io/biodiversity-metric,Global,Global,UNEP-WCMC General Data Licence,https://www.unep-wcmc.org/policies/general-data-license-excluding-wdpa,FALSE,FALSE,TRUE,FALSE,TRUE,TRUE,https://www.unep-wcmc.org/system/dataset_file_fields/files/000/000/341/original/McDermott_Long_et_al_-_OceanPlus_Library_-_8_Mar_2019.pdf?1552301984#page=138,English,FALSE,
Protected areas and areas of biodiversity importance,World Database on Protected Areas,Released monthly,UN Environment World Conservation Monitoring Centre,WCMC-016,TRUE,http://www.protectedplanet.net/,http://wcmc.io/MPA,Global,"Global, Areas Beyond National Jurisdiction (ABNJ)",UNEP-WCMC WDPA Data Licence,https://www.unep-wcmc.org/policies/wdpa-data-licence#data_policy,FALSE,TRUE,TRUE,TRUE,TRUE,FALSE,https://www.unep-wcmc.org/system/dataset_file_fields/files/000/000/341/original/McDermott_Long_et_al_-_OceanPlus_Library_-_8_Mar_2019.pdf?1552301984#page=144,English,TRUE,
Biodiversity metric,Global Patterns of Marine Biodiversity (2010),,UN Environment World Conservation Monitoring Centre,WCMC-019,TRUE,http://data.unep-wcmc.org/datasets/17,http://wcmc.io/biodiversity-metric,Global,"Global, Areas Beyond National Jurisdiction (ABNJ)",UNEP-WCMC General Data Licence,https://www.unep-wcmc.org/policies/general-data-license-excluding-wdpa,FALSE,FALSE,TRUE,FALSE,TRUE,FALSE,https://www.unep-wcmc.org/system/dataset_file_fields/files/000/000/341/original/McDermott_Long_et_al_-_OceanPlus_Library_-_8_Mar_2019.pdf?1552301984#page=129,English,TRUE,
Environment descriptor,Mean Sea Surface Productivity in June and December 2003-2007 (2008),,UN Environment World Conservation Monitoring Centre,WCMC-020-021,TRUE,http://data.unep-wcmc.org/datasets/18,http://wcmc.io/environment-descriptors,Global,"Global, Areas Beyond National Jurisdiction (ABNJ)",UNEP-WCMC General Data Licence,https://www.unep-wcmc.org/policies/general-data-license-excluding-wdpa,FALSE,FALSE,FALSE,FALSE,TRUE,FALSE,https://www.unep-wcmc.org/system/dataset_file_fields/files/000/000/341/original/McDermott_Long_et_al_-_OceanPlus_Library_-_8_Mar_2019.pdf?1552301984#page=210,English,TRUE,
Environment descriptor,Mean Annual Sea Surface Temperature 2003-2007 (2008),,UN Environment World Conservation Monitoring Centre,WCMC-022,TRUE,http://data.unep-wcmc.org/datasets/20,http://wcmc.io/environment-descriptors,Global,"Global, Areas Beyond National Jurisdiction (ABNJ)",UNEP-WCMC General Data Licence,https://www.unep-wcmc.org/policies/general-data-license-excluding-wdpa,FALSE,FALSE,FALSE,FALSE,TRUE,FALSE,https://www.unep-wcmc.org/system/dataset_file_fields/files/000/000/341/original/McDermott_Long_et_al_-_OceanPlus_Library_-_8_Mar_2019.pdf?1552301984#page=216,English,TRUE,
Trade,Global Marine Aquarium Database (2003),1.0 (2003),UN Environment World Conservation Monitoring Centre,WCMC-023,TRUE,mailto:oceanplus@unep-wcmc.org,,Global,"Global, Areas Beyond National Jurisdiction (ABNJ)",UNEP-WCMC General Data Licence,https://www.unep-wcmc.org/policies/general-data-license-excluding-wdpa,FALSE,FALSE,FALSE,TRUE,FALSE,FALSE,https://www.unep-wcmc.org/system/dataset_file_fields/files/000/000/341/original/McDermott_Long_et_al_-_OceanPlus_Library_-_8_Mar_2019.pdf?1552301984#page=332,English,TRUE,
Biogenic habitat,Global Distribution of Habitat Suitability for Stony Corals on Seamounts (2009),2009,UN Environment World Conservation Monitoring Centre,WCMC-024,FALSE,mailto:oceanplus@unep-wcmc.org,http://wcmc.io/seamounts,Global,"Global, Areas Beyond National Jurisdiction (ABNJ)",Not Reported,mailto:oceanplus@unep-wcmc.org,FALSE,TRUE,FALSE,FALSE,TRUE,TRUE,,English,TRUE,
Biogenic habitat,Global Distribution of Saltmarsh,6.0 (June 2018),UN Environment World Conservation Monitoring Centre,WCMC-027,TRUE,http://data.unep-wcmc.org/datasets/43,http://wcmc.io/saltmarsh,Global,Global,CC BY-NC 3.0 or 4.0,http://data.unep-wcmc.org/datasets/43,FALSE,TRUE,TRUE,TRUE,TRUE,TRUE,https://www.unep-wcmc.org/system/dataset_file_fields/files/000/000/341/original/McDermott_Long_et_al_-_OceanPlus_Library_-_8_Mar_2019.pdf?1552301984#page=64,English,FALSE,
Administration,Global Distribution of Dive Centres (2001),1.2 (June 2015),UN Environment World Conservation Monitoring Centre,WCMC-030,TRUE,http://data.unep-wcmc.org/datasets/27,,Global,Global,UNEP-WCMC General Data Licence,https://www.unep-wcmc.org/policies/general-data-license-excluding-wdpa,FALSE,FALSE,FALSE,FALSE,FALSE,TRUE,https://www.unep-wcmc.org/system/dataset_file_fields/files/000/000/341/original/McDermott_Long_et_al_-_OceanPlus_Library_-_8_Mar_2019.pdf?1552301984#page=340,English,FALSE,
Administration,"Global Distribution of Islands ""OSM"" (2015)",2.1 (November 2015),UN Environment World Conservation Monitoring Centre,WCMC-031,TRUE,mailto:oceanplus@unep-wcmc.org,,Global,"Global, Areas Beyond National Jurisdiction (ABNJ)",Specific Terms of Use,mailto:oceanplus@unep-wcmc.org,TRUE,TRUE,FALSE,FALSE,FALSE,FALSE,https://www.unep-wcmc.org/system/dataset_file_fields/files/000/000/341/original/McDermott_Long_et_al_-_OceanPlus_Library_-_8_Mar_2019.pdf?1552301984#page=342,English,TRUE,
Ecosystem services and natural capital,A Global Map of Natural Capital (2014),1.0 (2014),UN Environment World Conservation Monitoring Centre,WCMC-032,TRUE,http://www.unep-wcmc.org/resources-and-data/towards-a-global-map-of-natural-capital,http://www.biodiversitya-z.org/content/natural-capital,Global,"Global, Areas Beyond National Jurisdiction (ABNJ)",Specific Terms of Use,http://www.unep-wcmc.org/resources-and-data/towards-a-global-map-of-natural-capital,FALSE,FALSE,FALSE,FALSE,FALSE,TRUE,https://www.unep-wcmc.org/system/dataset_file_fields/files/000/000/341/original/McDermott_Long_et_al_-_OceanPlus_Library_-_8_Mar_2019.pdf?1552301984#page=223,English,TRUE,
Environment descriptor,Mean Annual Sea Surface Chlorophyll-a Concentration 2009-2013 (2015),1.0 (April 2015),UN Environment World Conservation Monitoring Centre,WCMC-034,TRUE,http://data.unep-wcmc.org/datasets/37,http://wcmc.io/environment-descriptors,Global,"Global, Areas Beyond National Jurisdiction (ABNJ)",CC BY 3.0 or 4.0,http://data.unep-wcmc.org/datasets/37,TRUE,FALSE,TRUE,FALSE,TRUE,FALSE,https://www.unep-wcmc.org/system/dataset_file_fields/files/000/000/341/original/McDermott_Long_et_al_-_OceanPlus_Library_-_8_Mar_2019.pdf?1552301984#page=213,English,TRUE,
Environment descriptor,Mean Annual Sea Surface Temperature 2009-2013 (2015),1.0 (May 2015),UN Environment World Conservation Monitoring Centre,WCMC-035,TRUE,http://data.unep-wcmc.org/datasets/36,http://wcmc.io/environment-descriptors,Global,"Global, Areas Beyond National Jurisdiction (ABNJ)",CC BY 3.0 or 4.0,http://data.unep-wcmc.org/datasets/36,TRUE,FALSE,TRUE,FALSE,TRUE,FALSE,https://www.unep-wcmc.org/system/dataset_file_fields/files/000/000/341/original/McDermott_Long_et_al_-_OceanPlus_Library_-_8_Mar_2019.pdf?1552301984#page=218,English,TRUE,
Biogeographic classification,"Marine Ecoregions and Pelagic Provinces of the World (2007, 2012)",1.0 (May 2015),The Nature Conservancy,WCMC-036,TRUE,https://data.unep-wcmc.org/datasets/38,http://wcmc.io/PPOW,Global,"Global, Areas Beyond National Jurisdiction (ABNJ)",UNEP-WCMC General Data Licence,http://data.unep-wcmc.org/datasets/36,FALSE,TRUE,TRUE,FALSE,TRUE,FALSE,https://www.unep-wcmc.org/system/dataset_file_fields/files/000/000/341/original/McDermott_Long_et_al_-_OceanPlus_Library_-_8_Mar_2019.pdf?1552301984#page=176,English,TRUE,
Trade,Species+,,UN Environment World Conservation Monitoring Centre,WCMC-037,TRUE,http://www.speciesplus.net,,Global,"Global, Areas Beyond National Jurisdiction (ABNJ)",Specific Terms of Use,https://www.speciesplus.net/terms-of-use,FALSE,FALSE,FALSE,TRUE,TRUE,FALSE,https://www.unep-wcmc.org/system/dataset_file_fields/files/000/000/341/original/McDermott_Long_et_al_-_OceanPlus_Library_-_8_Mar_2019.pdf?1552301984#page=276,English,TRUE,
Ecological status and impact,Global and Regional Assessments of the Marine Environment (GRAME) Database,,UN Environment World Conservation Monitoring Centre,WCMC-038,FALSE,http://www.unep-wcmc-apps.org/gramed,,Global,"Global, Areas Beyond National Jurisdiction (ABNJ)",Not Reported,mailto:oceanplus@unep-wcmc.org,FALSE,TRUE,FALSE,FALSE,FALSE,FALSE,,English,TRUE,
Biodiversity-related data portal,Ocean Data Viewer (ODV),2016,UN Environment World Conservation Monitoring Centre,WCMC-039,TRUE,http://data.unep-wcmc.org,,Global,"Global, Areas Beyond National Jurisdiction (ABNJ)",UNEP-WCMC General Data Licence,https://www.unep-wcmc.org/policies/general-data-license-excluding-wdpa,FALSE,TRUE,TRUE,TRUE,TRUE,TRUE,https://www.unep-wcmc.org/system/dataset_file_fields/files/000/000/341/original/McDermott_Long_et_al_-_OceanPlus_Library_-_8_Mar_2019.pdf?1552301984#page=285,English,TRUE,
Administration,Global distribution of spatial planning in the marine environment,1,UN Environment World Conservation Monitoring Centre,WCMC-042,TRUE,mailto:oceanplus@unep-wcmc.org,,Global,"Global, Areas Beyond National Jurisdiction (ABNJ)",UNEP-WCMC General Data Licence,mailto:oceanplus@unep-wcmc.org,FALSE,TRUE,FALSE,TRUE,FALSE,FALSE,https://www.unep-wcmc.org/system/dataset_file_fields/files/000/000/341/original/McDermott_Long_et_al_-_OceanPlus_Library_-_8_Mar_2019.pdf?1552301984#page=348,English,TRUE,
Protected areas and areas of biodiversity importance,Global Critical Habitat Screening Layer,1.0 (2017),UN Environment World Conservation Monitoring Centre,WCMC-043,TRUE,https://data.unep-wcmc.org/datasets/44,http://biodiversitya-z.org/content/critical-habitat,Global,"Global, Areas Beyond National Jurisdiction (ABNJ)",CC BY 3.0 or 4.0,https://data.unep-wcmc.org/datasets/44,TRUE,FALSE,FALSE,TRUE,TRUE,FALSE,https://www.unep-wcmc.org/system/dataset_file_fields/files/000/000/341/original/McDermott_Long_et_al_-_OceanPlus_Library_-_8_Mar_2019.pdf?1552301984#page=154,English,TRUE,
Protected areas and areas of biodiversity importance,Global Database on Protected Areas Management Effectiveness (GD-PAME),1.0 (2018),UN Environment World Conservation Monitoring Centre,WCMC-044,TRUE,http://www.protectedplanet.net,https://www.biodiversitya-z.org/content/marine-protected-area-mpa,Global,"Global, Areas Beyond National Jurisdiction (ABNJ)",UNEP-WCMC WDPA Data Licence,https://www.unep-wcmc.org/policies/wdpa-data-licence#data_policy,FALSE,TRUE,TRUE,FALSE,FALSE,FALSE,https://www.unep-wcmc.org/system/dataset_file_fields/files/000/000/341/original/McDermott_Long_et_al_-_OceanPlus_Library_-_8_Mar_2019.pdf?1552301984#page=148,English,TRUE,
Biogenic habitat,Coral Reef Funding Landscape,1.0 (2017),UN Environment World Conservation Monitoring Centre,WCMC-045,FALSE,http://wcmc.io/corals,,Global,Global,UNEP-WCMC General Data Licence,https://www.unep-wcmc.org/policies/general-data-license-excluding-wdpa,FALSE,FALSE,TRUE,FALSE,FALSE,TRUE,,English,FALSE,
Biodiversity-related data portal,Ocean+ Library,1.0 (2017),UN Environment World Conservation Monitoring Centre,WCMC-046,FALSE,http://library.oceanplus.org,,Global,"Global, Areas Beyond National Jurisdiction (ABNJ)",UNEP-WCMC General Data Licence,https://www.unep-wcmc.org/policies/general-data-license-excluding-wdpa,FALSE,TRUE,TRUE,TRUE,TRUE,TRUE,,English,TRUE,
Biogenic habitat,Ocean+ Habitats,1.0 (2018),UN Environment World Conservation Monitoring Centre,WCMC-047,FALSE,http://habitats.oceanplus.org,,Global,"Global, Areas Beyond National Jurisdiction (ABNJ)",UNEP-WCMC General Data Licence,https://www.unep-wcmc.org/policies/general-data-license-excluding-wdpa,FALSE,FALSE,TRUE,TRUE,FALSE,TRUE,,English,TRUE,
Biodiversity-related data portal,ReefBase,,The WorldFish Center,WorldFish-001,FALSE,http://www.reefbase.org/gis_maps/datasets.aspx,,Global,Global,Specific Terms of Use (similar to CC BY-NC-ND 3.0 or 4.0),http://www.reefbase.org/gis_maps/useofmaps.aspx,FALSE,FALSE,FALSE,FALSE,TRUE,TRUE,,English,FALSE,
Ecological status and impact,Reefs at Risk Revisited (2011),2011,World Resources Institute,WRI-002,TRUE,http://www.wri.org/publication/reefs-risk-revisited,http://www.wri.org/sites/default/files/factsheet_reefs_main.pdf,Global,Global,CC BY 3.0 or 4.0,https://www.wri.org/publications/permissions-licensing,TRUE,FALSE,TRUE,TRUE,TRUE,TRUE,https://www.unep-wcmc.org/system/dataset_file_fields/files/000/000/341/original/McDermott_Long_et_al_-_OceanPlus_Library_-_8_Mar_2019.pdf?1552301984#page=250,English,FALSE,
Protected areas and areas of biodiversity importance,The Global 200 Ecoregions (2002),2002,World Wildlife Fund,WWF-001,FALSE,http://www.worldwildlife.org/publications/global-200,http://wcmc.io/Global-200,Global,"Global, Areas Beyond National Jurisdiction (ABNJ)",Not Reported,https://databasin.org/datasets/a5b34649cc69417ba52ac8e2dce34c3b,FALSE,TRUE,TRUE,FALSE,TRUE,FALSE,,English,TRUE,
Ecological status and impact,Living Planet Database (LPD),2014,"Indicators and Assessments Unit, Zoological Society of London",WWF-002,TRUE,http://www.livingplanetindex.org/data_portal,http://wwf.panda.org/about_our_earth/all_publications/living_planet_report/,Global,"Global, Areas Beyond National Jurisdiction (ABNJ)",Specific Terms of Use,http://www.livingplanetindex.org/documents/data_agreement.pdf,FALSE,FALSE,TRUE,TRUE,TRUE,FALSE,https://www.unep-wcmc.org/system/dataset_file_fields/files/000/000/341/original/McDermott_Long_et_al_-_OceanPlus_Library_-_8_Mar_2019.pdf?1552301984#page=239,English,TRUE,
Ecological status and impact,Environmental Performance Index (EPI),2018,Yale Centre for Environmental Law & Policy,YCELP-001,TRUE,https://epi.envirocenter.yale.edu/epi-downloads,,Global,Global,CC BY 3.0 or 4.0,https://epi.envirocenter.yale.edu/faq/epi-faq,FALSE,FALSE,FALSE,TRUE,TRUE,FALSE,https://www.unep-wcmc.org/system/dataset_file_fields/files/000/000/341/original/McDermott_Long_et_al_-_OceanPlus_Library_-_8_Mar_2019.pdf?1552301984#page=236,English,FALSE,
Biogenic habitat,Global Distributions of Habitat Suitability for Cold-Water Octocorals (2012),1.0 (2012),"Institute of Zoology, Zoological Society of London",ZSL-001,TRUE,http://data.unep-wcmc.org/datasets/40,http://wcmc.io/cold-coral,Global,"Global, Areas Beyond National Jurisdiction (ABNJ)",CC BY 3.0 or 4.0,https://data.unep-wcmc.org/datasets/40,TRUE,TRUE,TRUE,TRUE,TRUE,TRUE,https://www.unep-wcmc.org/system/dataset_file_fields/files/000/000/341/original/McDermott_Long_et_al_-_OceanPlus_Library_-_8_Mar_2019.pdf?1552301984#page=31,English,TRUE,
Biogeographic classification,Global Distribution of Seamounts and Knolls (2011),1.0 (2011),"Institute of Zoology, Zoological Society of London",ZSL-002,TRUE,http://data.unep-wcmc.org/datasets/41,http://wcmc.io/seamounts,Global,"Global, Areas Beyond National Jurisdiction (ABNJ)",CC BY 3.0 or 4.0,https://data.unep-wcmc.org/datasets/41,TRUE,TRUE,TRUE,TRUE,TRUE,TRUE,https://www.unep-wcmc.org/system/dataset_file_fields/files/000/000/341/original/McDermott_Long_et_al_-_OceanPlus_Library_-_8_Mar_2019.pdf?1552301984#page=190,English,TRUE,
