Category,Dataset title,Version,Contact organisation,Dataset ID,Associated metadata?,Webpage and/or download,Factsheet URL,Country,Region,DIC_MET_ACCESS_USE_CONSTRAINT.NAME,Other access use constraints,Marine Spatial Planning & Policy,Education,Environmental Impact & high-level screening,Ecosystem health & assessment,Ecosystem services and blue carbon
Biogenic habitat,Global Distribution of Cold-water Corals,5.0 (June 2018),UN Environment World Conservation Monitoring Centre,WCMC-001,1,http://data.unep-wcmc.org/datasets/3,http://wcmc.io/cold-coral,Global,Global,UNEP-WCMC General Data Licence,None,1,1,1,1,1
Ecological status and impact,Legacy dataset - Global Coral Disease Database (2010),1.0,UN Environment World Conservation Monitoring Centre,WCMC-004,0,Contact marine@unep-wcmc.org,,Global,Global,UNEP-WCMC General Data Licence,None,0,0,1,1,1
Administration,"Global Distribution of Islands ""IBPoW"" (2010)",1.0,UN Environment World Conservation Monitoring Centre,WCMC-005,1,See metadata,,Global,Global,UNEP-WCMC General Data Licence,Interested users should contact marine@unep-wcmc.org.,1,0,0,0,0
Species habitat,Global Distribution of Sea Turtle Feeding Sites (1999),1.1 (May 2015),UN Environment World Conservation Monitoring Centre,WCMC-006,1,http://data.unep-wcmc.org/datasets/21,,Global,Global,UNEP-WCMC General Data Licence,None,1,0,1,1,0
Species habitat,Global Distribution of Sea Turtle Nesting Sites (1999),1.1 (May 2015),UN Environment World Conservation Monitoring Centre,WCMC-007,1,http://data.unep-wcmc.org/datasets/22,http://wcmc.io/turtle-nesting-site,Global,Global,UNEP-WCMC General Data Licence,None,1,0,1,1,0
Biogenic habitat,Global Distribution of Coral Reefs,3.0 (June 2018),UN Environment World Conservation Monitoring Centre,WCMC-008,1,http://data.unep-wcmc.org/datasets/1,http://wcmc.io/warm_coral_reef,Global,Global,UNEP-WCMC General Data Licence,"For display and use of data below global scale, please cite individual data sources (listed in ""Metadata_CoralReefs.dbf"").",1,1,1,1,1
Biogenic habitat,Global Distribution of Coral Reefs - 1 Km Data (2003),7.0,UN Environment World Conservation Monitoring Centre,WCMC-009,1,See metadata,http://wcmc.io/warm_coral_reef,Global,Global,UNEP-WCMC General Data Licence,None,1,0,0,1,1
Biogenic habitat,Global Distribution of Mangroves USGS (2011),1.3 (June 2015),UN Environment World Conservation Monitoring Centre,WCMC-010,1,http://data.unep-wcmc.org/datasets/4,http://wcmc.io/mangroves,Global,Global,UNEP-WCMC General Data Licence,None,1,1,1,1,1
Biogenic habitat,World Atlas of Mangroves,3.0 (June 2018),UN Environment World Conservation Monitoring Centre,WCMC-011,1,http://data.unep-wcmc.org/datasets/5,http://wcmc.io/mangroves,Global,Global,UNEP-WCMC General Data Licence,"Please also refer to the license file (""WCMC-011-AtlasMangrove2010-License.pdf"") distributed with the dataset.

Please send any modification and revision of the dataset to the ISME Secretariat (Faculty of Agriculture, University of the Ryukyus, Senbaru 1, Nishihara, Okinawa 903-0129 Japan; isme@mangrove.or.jp).


For commercial use of the dataset, please contact business-support@unep-wcmc.org and isme@mangrove.or.jp.",1,1,1,1,1
Biogenic habitat,World Mangrove Atlas (1997),1.0,UN Environment World Conservation Monitoring Centre,WCMC-012,1,http://data.unep-wcmc.org/datasets/6,http://wcmc.io/mangroves,Global,Global,UNEP-WCMC General Data Licence,None,0,0,0,1,1
Biogenic habitat,Global Distribution of Seagrasses,6.0 (June 2018),UN Environment World Conservation Monitoring Centre,WCMC-013-014,1,http://data.unep-wcmc.org/datasets/7,http://wcmc.io/seagrass,Global,Global,UNEP-WCMC General Data Licence,"In relation to the data provided by the Mediseh project (Bellusci et al. 2013; Telesca et al. 2015) for the Mediterranean basin, users must comply with article 11.10.3 of the Framework Contract with the European Commission, i.e. any re-distribution of these data:
1) requires prior written authorisation from the Commission (Directorate-General for Maritime Affairs and Fisheries, Brussels, Belgium),
2) shall mention the amount paid by the European Union (EUR 568,996).",1,1,1,1,1
Biodiversity metric,Global Seagrass Species Richness (2003),1.0,UN Environment World Conservation Monitoring Centre,WCMC-015,1,http://data.unep-wcmc.org/datasets/9,http://wcmc.io/biodiversity-metric,Global,Global,UNEP-WCMC General Data Licence,None,0,1,0,1,1
Biodiversity metric,Global Patterns of Marine Biodiversity (2010),,UN Environment World Conservation Monitoring Centre,WCMC-019,1,http://data.unep-wcmc.org/datasets/17,http://wcmc.io/biodiversity-metric,Global,Global,UNEP-WCMC General Data Licence,"Full Terms and Conditions can be found in the file ""TermsConditionsOfUseForDataSources.pdf"" distributed with the dataset. Use of the dataset constitutes  acceptance of these Terms and Conditions. The dataset may not be used for commercial or revenue-generating activities.

If working with individual taxa (rather than cross-taxa), consider using the original data sources, as they tend to be of higher spatial resolution. In this case, individual data sources should be credited appropriately (see files ""Metadata for Tittensor10Nature_across_taxa.pdf"" and ""MetadataTittensor10Nature_individual_taxa.pdf"" for lists).",0,1,0,1,0
Environment descriptor,Mean Sea Surface Productivity in June and December 2003-2007 (2008),,UN Environment World Conservation Monitoring Centre,WCMC-020-021,1,http://data.unep-wcmc.org/datasets/18,http://wcmc.io/environment-descriptors,Global,Global,UNEP-WCMC General Data Licence,None,0,0,0,1,0
Environment descriptor,Mean Annual Sea Surface Temperature 2003-2007 (2008),,UN Environment World Conservation Monitoring Centre,WCMC-022,1,http://data.unep-wcmc.org/datasets/20,http://wcmc.io/environment-descriptors,Global,Global,UNEP-WCMC General Data Licence,None,0,0,0,1,0
Administration,Global Marine Aquarium Database (2003),1.0 (2003),UN Environment World Conservation Monitoring Centre,WCMC-023,1,Contact marine@unep-wcmc.org,,Global,Global,UNEP-WCMC General Data Licence,"The database contains information of a sensitive nature, which is removed from the distributed version.",0,0,1,0,0
Biogenic habitat,Global Distribution of Saltmarsh,6.0 (June 2018),UN Environment World Conservation Monitoring Centre,WCMC-027,1,http://data.unep-wcmc.org/datasets/43,http://wcmc.io/saltmarsh,Global,Global,UNEP-WCMC General Data Licence,None,1,1,1,1,1
Species habitat,Global Distribution of Sea Turtle Nesting Sites (2011),2011,State of the World's Sea Turtles,SWOT-001,0,http://www.seaturtlestatus.org,http://wcmc.io/turtle-nesting-site,Global,Global,UNEP-WCMC General Data Licence,,1,1,0,1,0
Administration,Global Distribution of Dive Centres (2001),1.2 (June 2015),UN Environment World Conservation Monitoring Centre,WCMC-030,1,http://data.unep-wcmc.org/datasets/27,,Global,Global,UNEP-WCMC General Data Licence,None,0,0,0,0,1
Biogenic habitat,Mangrove Tree Height in Africa (2013),1.0 (September 2012),NASA Goddard Space Flight Centre,NASA-001,1,Contact marine@unep-wcmc.org,http://wcmc.io/mangroves,"Nigeria; Tanzania, United Republic of",Eastern Africa; West and Central Africa- WACAF,UNEP-WCMC General Data Licence,,1,0,1,1,1
Biogenic habitat,Global Distribution of Modelled Mangrove Biomass (2014),1.0 (2014),The Nature Conservancy,TNC-001,1,http://data.unep-wcmc.org/datasets/39,http://wcmc.io/mangroves,Global,Global,UNEP-WCMC General Data Licence,None,1,1,0,1,1
Biogeographic classification,Global Estuary Database (2003),2.0 (2014),"Sea Around Us, University of British Columbia",UBC-003,1,http://data.unep-wcmc.org/datasets/23,www.marbef.org/wiki/estuaries,Global,Global,UNEP-WCMC General Data Licence,Please cite the data source in all publications.,1,0,0,1,0
Biogeographic classification,Marine Ecoregions and Pelagic Provinces of the World (2007; 2012),1.0 (May 2015),The Nature Conservancy,WCMC-036,1,http://dx.doi.org/10.1641/B570707; 10.1016,http://wcmc.io/PPOW,Global,Global,UNEP-WCMC General Data Licence,None,1,1,0,1,0
Biodiversity-related data portal,Ocean Data Viewer (ODV),2016,UN Environment World Conservation Monitoring Centre,WCMC-039,1,http://data.unep-wcmc.org,,Global,Global,UNEP-WCMC General Data Licence,,1,1,1,1,1
Administration,Global distribution of spatial planning in the marine environment,1.0,UN Environment World Conservation Monitoring Centre,WCMC-042,1,Contact: marine@unep-wcmc.org,,Global,Global,UNEP-WCMC General Data Licence,,1,0,1,0,0
Protected areas and areas of biodiversity importance,Global Critical Habitat Screening Layer,1.0 (2017),UN Environment World Conservation Monitoring Centre,WCMC-043,1,https://wcmc.io/WCMC_043,http://biodiversitya-z.org/content/critical-habitat,Global,Global,UNEP-WCMC General Data Licence,"This screening layer is a composite of multiple input layers. For use of individual layers, please refer to the original sources and their respective use restrictions.",0,0,1,1,0
Protected areas and areas of biodiversity importance,World Database on Protected Areas,Released monthly,UN Environment World Conservation Monitoring Centre,WCMC-016,1,http://www.protectedplanet.net/,http://wcmc.io/MPA,Global,Global,UNEP-WCMC WDPA Data Licence,None,1,1,1,1,0
Protected areas and areas of biodiversity importance,Global Database on Protected Areas Management Effectiveness (GD-PAME),1.0 (2018),UN Environment World Conservation Monitoring Centre,WCMC-044,1,http://www.protectedplanet.net,Not reported,Global,Global,UNEP-WCMC WDPA Data Licence,"Currently subject to review by contributing countries. Not scheduled to be available until June 2018. Data contributors who provide PAME evaluations for inclusion in the GD-PAME are requested to sign the 'GD-PAME Data Contributor Agreement'. This ensures that there is a written record of the agreement for the data to be included in the GD-PAME, and allows the data provider to specify the terms under which the data are made available. The agreement specifically states how the data provided will be used and that redistribution or use of the data by third parties will be subject to the Protected Planet Terms of Use.",1,1,0,0,0
Biogenic habitat,Global Habitat Suitability for Framework-Forming Cold-Water Corals (2011),1.0,"School of Ocean Sciences, University of Bangor",Bangor-001,1,http://doi.pangaea.de/10.1594/PANGAEA.775081,http://wcmc.io/cold-coral,Global,Global,Specific Terms of Use,Please contact andrew.j.davies@bangor.ac.uk and John.Guinotte@marine-conservation.org.,1,0,0,1,1
Administration,Boundaries of the Global International Waters Assessment (2003),,"Division of Early Warning and Assessment, United Nations Environment Programme",UNEP-001,1,http://www.unep.org/dewa/giwa/,,Global,Global,Specific Terms of Use,Please contact dewainfo@unep.org.,1,0,0,0,0
Biogenic habitat,Modelled Posidonia oceanica Distribution (2013),2013,"""Tor Vergata"" University of Rome",Mediseh-002,1,http://www.emodnet-seabedhabitats.eu/default.aspx?page=1974,http://wcmc.io/seagrass,Albania; Egypt; France; Greece; Israel; Italy; Lebanon; Libya; Morocco; Spain; Syrian Arab Republic; Tunisia; Turkey,Mediterranean,Specific Terms of Use,Please see 'Citation' for guidance.,1,0,1,1,1
Biodiversity metric,Global Map of Shannon's Index of Biodiversity (OBIS),2014,"OBIS Secretariat, Intergovernmental Oceanographic Commission (UNESCO)",OBIS-001,1,http://data.unep-wcmc.org/datasets/15,,Global,Global,Specific Terms of Use,Data use conditions can be accessed at www.iobis.org/data/policy/disclaimer. Data and maps must be cited as per www.iobis.org/about/citation.,0,0,0,1,0
Biodiversity metric,Global Map of Hurlbert's Index of Biodiversity (OBIS),2014,"OBIS Secretariat, Intergovernmental Oceanographic Commission (UNESCO)",OBIS-002,1,http://data.unep-wcmc.org/datasets/16,,Global,Global,Specific Terms of Use,Data use conditions can be accessed at www.iobis.org/data/policy/disclaimer. Data and maps must be cited as per www.iobis.org/about/citation.,0,0,0,1,0
Biogeographic classification,Global Distribution of Cold Seeps (2010),3.0,"University of Southampton, National Oceanography Centre",ChEssBase-001,1,http://www.noc.soton.ac.uk/chess/science/sci_project.php,http://wcmc.io/cold-seep,Global,Global,Specific Terms of Use,"The ChEssBase Agreement can be found at: www.noc.soton.ac.uk/chess/database/db_agree.php. ChEssBase data cannot be used for any commercial purposes, and the original data source must be acknowledged in any publications or presentations based on the data held within ChEssBase. ChEssBase should also be acknowledged whenever it is used for analytical purposes within  presentations and publications, in which case the citation should be sent to Dr. Maria Baker (mb11@noc.soton.ac.uk).",1,0,1,1,1
Administration,Maritime Boundaries incl. Exclusive Economic Zones,10.0 (2018),Flanders Marine Institute,VLIZ-001,1,http://www.marineregions.org,,Global,Global,Specific Terms of Use,"Copyright information can be found at: http://www.marineregions.org/disclaimer.php. The data can be used for educational, scientific or research purposes, but should not be used for legal, commercial/economical (exploration of natural resources) or navigational purposes.",1,0,0,0,0
Biogeographic classification,Global Distribution of Hydrothermal Vents (2010),3.0,"University of Southampton, National Oceanography Centre",ChEssBase-002,1,http://www.noc.soton.ac.uk/chess/science/sci_project.php,http://wcmc.io/hydrothermal-vents,Global,Global,Specific Terms of Use,"The ChEssBase Agreement can be found at: www.noc.soton.ac.uk/chess/database/db_agree.php. ChEssBase data cannot be used for any commercial purposes, and the original data source must be acknowledged in any publications or presentations based on the data held within ChEssBase. ChEssBase should also be acknowledged whenever it is used for analytical purposes within  presentations and publications, in which case the citation should be sent to Dr. Maria Baker (mb11@noc.soton.ac.uk).",1,0,1,1,1
Administration,Global Distribution of Regional Fishery Bodies (2010),2010,Food and Agriculture Organization of the United Nations,FAO-001,1,http://www.fao.org:80/geonetwork?uuid=cc7dbf20-1b8b-11dd-8bbb-0017f293bd28,,Global,Global,Specific Terms of Use,Please see 'Citation' for guidance.,1,0,0,0,0
Protected areas and areas of biodiversity importance,Areas of Particular Environmental Interest (APEI),1.0 (2012),International Seabed Authority,ISA-001,1,https://www.isa.org.jm,,Regional,Pacific,Specific Terms of Use,Interested users should contact marine@unep-wcmc.org in the first instance.,1,0,1,0,0
Protected areas and areas of biodiversity importance,Global Distribution of Particularly Sensitive Sea Areas (PSSA),2016,Claymoreclan Design,IMO-001,1,http://pssa.imo.org,http://wcmc.io/PSSA,Global,Global,Specific Terms of Use,Please contact Andy Hamilton (info@claymoreclan-design.com).,1,0,1,0,0
Biogeographic classification,Large Marine Ecosystems of the World (2013),July 2013,"Large Marine Ecosystem Program, National Oceanic and Atmospheric Administration-Fisheries",NOAA-001,1,http://www.lme.noaa.gov,,Global,Global,Specific Terms of Use,The dataset must be cited when used. See 'Citation' for guidance.,1,0,0,1,0
Ecological status and impact,Global Data for the Ocean Health Index (2012),2012 - Present,"National Centre for Ecological Analysis and Synthesis, University of California",NCEAS-002,1,http://www.oceanhealthindex.org,,Global,Global,Specific Terms of Use,"You may freely download and use any data, code, or instructional guides created for the Ocean Health Index project. In exchange, please credit our work as described under 'Citations'.",0,1,1,1,0
Species habitat,Global Distributions of Habitat Suitability for Sea Turtle Nesting Sites (2012),2012,State of the World's Sea Turtles,SWOT-002,0,http://www.seaturtlestatus.org,http://wcmc.io/turtle-nesting-site,Global,Global,Specific Terms of Use,,1,0,0,1,0
Biodiversity-related data portal,The State of the World's Sea Turtles Online Database,,State of the World's Sea Turtles,SWOT-003,0,http://www.seaturtlestatus.org,,Global,Global,Specific Terms of Use,"The data contained in the SWOT database have been made publicly available by members of the SWOT Team for informational purposes and to help support and advance sea turtle research and conservation worldwide. You can request data from the SWOT database for your use in research, in educational materials, and for other purposes, subject to the SWOT database Terms of Use, which can be viewed here: https://www.seaturtlestatus.org/terms-of-use.

Data may be requested by anyone by completing a formal Data Request Form and submitting it via email to SWOT’s database manager at swotdata@gmail.com for review. For more information, and a copy of the form, please visit: https://www.seaturtlestatus.org/request-data.

[Note that the use of data for distributions, RMUs, mtDNA, nDNA and habitat suitability requires adherence to additional terms of use that will be shared prior to data delivery. These layers can be downloaded freely through the SWOT online database, and requests for their use can be made from within the online mapping portal.]",1,0,0,1,0
Ecological status and impact,SeagrassNet: Global Seagrass Monitoring Network (2013),2013,"Washington State Department of Natural Resources, Aquatic Resources Division",WaDNR-001,1,http://www.seagrassnet.org/about-seagrassnet,http://wcmc.io/seagrass,Global,Global,Specific Terms of Use,Please contact Prof Fred Short (fred.short@dnr.wa.gov or fredshort@gmail.com).,1,0,0,1,1
Administration,"Global Distribution of Islands ""OSM"" (2015)",2.1 (November 2015),UN Environment World Conservation Monitoring Centre,WCMC-031,1,Contact: marine@unep-wcmc.org,,Global,Global,Specific Terms of Use,"""Attributes"": UNEP-WCMC General Data License (excluding WDPA). See www.unep-wcmc.org/policies/general-data-license-excluding-wdpa#data_policy and www.unep-wcmc.org/policies. For commercial use, please contact business-support@unep-wcmc.org.

Underlying geographic boundary dataset (""geometries""): CC BY-SA 3.0, Open Database License (http://www.openstreetmap.org/copyright, http://opendatacommons.org/licenses/odbl/, http://creativecommons.org/licenses/by-sa/3.0/).",1,0,0,0,0
Ecosystem services and natural capital,Marine Ecosystem Services Partnership (MESP),,"Nicholas Institute for Environmental Policy Solutions, Duke University",UniDuke-001,1,http://mesp2.env.duke.edu/explore,,Global,Global,Specific Terms of Use,Please refer to 'Citation' for guidance.,0,0,0,0,1
Biogeographic classification,Coral Ecoregions of the World (2009),1.0,Coral Reef Research,TNC-003,1,https://www.jstage.jst.go.jp/article/galaxea/11/2/11_2_91/_pdf,,Global,Global,Specific Terms of Use,Please contact j.veron@coralreefresearch.com,0,1,0,1,0
Ecosystem services and natural capital,A Global Map of Natural Capital (2014),1.0 (2014),UN Environment World Conservation Monitoring Centre,WCMC-032,1,http://www.unep-wcmc.org/resources-and-data/towards-a-global-map-of-natural-capital,http://www.biodiversitya-z.org/content/natural-capital,Global,Global,Specific Terms of Use,Interested users should contact marine@unep-wcmc.org.,0,0,0,0,1
Ecological status and impact,RAM Legacy Stock Assessment Database,3.0 (2015),"School of Aquatic and Fishery Sciences, University of Washington",RAM-001,1,http://ramlegacy.org/,,Global,Global,Specific Terms of Use,'Fair Use' Policy. Full details are available from http://ramlegacy.marinebiodiversity.ca/ram-legacy-stock-assessment-database/ram-legacy-stock-assessment-database-fair-use-policy.,1,0,0,1,0
Biogeographic classification,Large Seamount Areas (2004),1.0,"Sea Around Us, University of British Columbia",UBC-004,1,http://www.seaaroundus.org/large-seamount-areas/,http://wcmc.io/seamounts,Global,Global,Specific Terms of Use,This dataset is not to be further redistributed or used for commercial purposes.,1,0,1,0,0
Biodiversity-related data portal,Map Of Life (MOL),,Yale University,MoL-001,0,https://mol.org/datasets/,,Global,Global,Specific Terms of Use,"For full terms of service, please visit: https://mol.org/tos.",1,1,0,1,0
Administration,Global Administrative Areas,2.0 (January 2012),Global Administrative Areas,GADM-001,0,http://www.gadm.org,,Global,Global,Specific Terms of Use,"This dataset is freely available for academic use and other non-commercial use. Redistribution, or commercial use is not allowed without prior permission. You are free to create maps and use the data in other ways for publication in academic journals, books, reports, etc.",1,0,0,0,0
Taxonomic database,World Porifera Database (sponges),,Flanders Marine Institute,VLIZ-006,0,http://www.marinespecies.org/porifera,,Global,Global,Specific Terms of Use,"If data are extracted from this website for secondary analysis resulting in a publication, the website should be cited (see 'Citation').

If any data constitutes a substantial proportion of the records used in secondary analyses (i.e. more than 25% of the data are derived from this source, or the data are essential to arrive at the conclusion of the analysis), the editors/managers of the database should be contacted. It may be useful to contact us directly in case there are additional data that may strengthen the analysis or there are features of the data that are important to consider but may not have been apparent from the metadata.",0,0,0,1,0
Environment descriptor,Global Seafloor Sediment Map,,Service Hydrographique et Océanographique de la Marine,UniSyd-001,1,https://pubs.geoscienceworld.org/gsa/geology/article/43/9/795/131939/census-of-seafloor-sediments-in-the-world-s-ocean,,Global,Global,Specific Terms of Use,See Dutkiewicz et al. (2015) for more details.,1,0,0,0,0
Species distribution,OBIS Spatial Ecological Analysis of Megavertebrate Populations (OBIS-SEAMAP),Updated regularly,"Marine Geospatial Ecology Lab, Duke University",OBIS-004,1,http://seamap.env.duke.edu,,Global,Global,Specific Terms of Use,"The use of the data is subject to the OBIS-SEAMAP Terms of Use (http://seamap.env.duke.edu/content/content/termsofuse). Please contact the data provider(s) before you use the data under ""permission required"" policy downloaded from OBIS-SEAMAP for any product or publication.

Except for data under CC0 sharing policy, proper credit/citations for all individual datasets are required, even when multiple datasets are used together. The citation section in the metadata of individual Dataset Page(s) should be used as the proper credit/citations. For your convenience, the zipped file for download data includes datasets_and_citations.csv that lists all the datasets, their citations and links to online metadata (notes: datasets_and_citations.csv has only one row for the daatset when users downloaded data with ""Dataset on Dataset Page"" option. For other options, the csv file lists all the datasets that provided data users downloaded),",1,0,0,1,0
Ecological status and impact,Plastic Debris Open Ocean (2014),2014,University of Cadiz,UniCadiz-001,1,http://www.pnas.org/content/111/28/10239.full,,Global,Global,Specific Terms of Use,Freely available online through the PNAS open access option.,0,1,1,0,0
Biodiversity-related data portal,PANGAEA,Updated regularly,"Alfred Wegener Institute, Helmholtz Center for Polar and Marine Research",AWI-001,1,http://www.pangaea.de,,Global,Global,Specific Terms of Use,See 'Supplementary Information' box.,0,0,0,0,0
Ecological status and impact,Ship Strike Database,1.0,Tethys Research Institute,IWC-001,1,https://iwc.int/ship-strikes,,Global,Global,Specific Terms of Use,Please contact Simone Panigada or Fabian Ritter.,1,0,1,0,0
Ecological status and impact,Global distribution of deep-sea debris (2017),On-going,Global Oceanographic Data Centre of Japan Agency for Marine-Earth Science and Technology,JAMSTEC-001,1,http://www.godac.jamstec.go.jp/dsdebris/e/,,Global,Global,Specific Terms of Use,"For purposes of academic research, and educational activities such as lessons at non-profit educational institutions or personal uses permitted by the copyright act, you can use videos and photos on the website without authorization of JAMSTEC for free. Please express clearly in your paper, document, video etc. that JAMSTEC data is used if you use videos and photos from the website. Terms and condition: http://www.godac.jamstec.go.jp/jedi/e/readme.html",0,1,1,1,0
Environment descriptor,Global Atlas of Renewable Energy,3.0,The International Renewable Energy Agency,IRENA-001,0,https://irena.masdar.ac.ae/gallery/#gallery,,Global,Global,Specific Terms of Use,Please refer to the website for full terms and conditions.,1,0,1,0,0
Biogenic habitat,Coral Trait Database,,Macquarie University,UniMacq-001,0,https://www.nature.com/articles/sdata201617#data-records,,Global,Global,Specific Terms of Use,"Basically, if you enter data into the database and make it public, the data can be reused by others if they cite it correctly. Similarly, if you download and use data in an analysis to be published, you must cite primary (and, if applicable, secondary) resources correctly.

A couple of key points:
- Content must be associated with a published scientific or other scholarly research document
- Content may only be entered by an individual who represents and warrants that s/he is the creator and owner of the content or otherwise has sufficient rights to be able to make the content available under a CC0 Waiver
- The primary language of the content must be English.
- Once CC0 is applied by making data public and associating it with a published research Document, the data can not be made private again.",0,0,0,1,1
Biodiversity-related data portal,Mediterranean Platform On Biodiversity,Variable,N Environment Mediterranean Action Plan - Regional Activity Centre for Specially Protected Areas,RAC-SPA-002,1,http://data.medchm.net/en/catalogue,,Regional,Mediterranean,Specific Terms of Use,"Access is constrained by user type, with different levels of restriction. Access falls under three categories: administrator; collaborator; and user. These levels are assigned by SPA/RAC.

The 'user' level is most restrictive, allowing basic roles to display and create maps from layers already available in the database.",1,1,0,1,0
Biodiversity-related data portal,Mid-Atlantic Ocean Data Portal,Variable,Mid Atlantic Regional Council of the Oceans,MARCO-001,1,http://portal.midatlanticocean.org/data-catalog/,,United States of America (the),North-West Atlantic,Specific Terms of Use,Please refer to the metadata accompanying each dataset on the Portal to identify specific access use constraints.,1,1,1,1,1
Administration,Natural Earth,Variable,Natural Earth,NatEarth-001,1,http://www.naturalearthdata.com/,,Global,Global,Specific Terms of Use,"All versions of Natural Earth raster + vector map data found on this website are in the public domain. You may use the maps in any manner, including modifying the content and design, electronic dissemination, and offset printing. The primary authors, Tom Patterson and Nathaniel Vaughn Kelso, and all other contributors renounce all financial claim to the maps and invites you to use them for personal, educational, and commercial purposes.

For full terms and conditions, please visit: https://www.naturalearthdata.com/about/terms-of-use/.",1,1,0,0,0
Ecological status and impact,Reef Life Survey (RLS),,University of Tasmania ,RLS-001,1,http://reeflifesurvey.imas.utas.edu.au/static/landing.html,,Global,Global,Specific Terms of Use,"RLS data are freely available to the public for non-profit purposes, so not only managers, but also groups such as local dive clubs or schools may use these data to look at changes over time in their own local reefs. By making data freely available and through public outputs, RLS aims to raise broader community awareness of the status of Australia’s marine biodiversity and associated conservation issues.",0,0,0,1,1
Species distribution,Seabird Tracking Database,,Birdlife International,BirdLife-002,0,http://www.seabirdtracking.org/,,Global,Global,Specific Terms of Use,Full 'terms of use' may be found here: http://seabirdtracking.org/termsofuse.,1,0,1,1,0
Taxonomic database,Encyclopedia of Life (EoL),3.0,Encyclopedia of Life (EOL),EoL-001,1,http://eol.org/,,Global,Global,Specific Terms of Use,"Ownership of any copyrightable content on EOL rests with the content partner, and detailed attribution and license information (where applicable) is always available. Please see our Terms of Use and API Terms of Use for more details about re-use of content hosted by EOL.

For the Encyclopedia of Life's full 'terms of use', please visit: https://eol.org/docs/what-is-eol/terms-of-use.",0,0,0,1,0
Ecological status and impact,Planet OS Datahub,,Planet OS,PlanetOS-001,0,http://data.planetos.com/datasets#vendor-data-section,,Global,Global,Specific Terms of Use,"The Datahub portion of the Platform (“Subscription Services”) provides access to certain data sets on a subscription basis, as described at http://data.planetos.com/plans (each such subscription, a “Subscription”). If you purchase a Subscription, then subject to these Terms, Intertrust grants you a non-exclusive, non-sublicensable, and non-transferrable license to access and use the data sets included in such Subscription and the associated tools and functionality provided through the applicable Subscription Service during the term of your Subscription, solely as made available through such Subscription Service.

For full terms and conditions, please visit: https://data.planetos.com/terms.",1,0,1,0,0
Ecological status and impact,Threatened Island Biodiversity Database,1.0 (2016),Island Conservation,TIBD-001,1,http://tib.islandconservation.org/,,Global,Global,Specific Terms of Use,"The data are supplied only for conservation purposes, scientific analysis or research.
The recipient of the data will provide a full and appropriate acknowledgement and citation in any materials or publications derived in part or in whole from the data; relevant citation details will be provided with each dataset. For any publications making substantial use of the data, Island Conservation, University of California at Santa Cruz, Coastal Conservation Action Laboratory (UCSC CCAL), BirdLife International and IUCN Invasive Species Specialist Group (ISSG) welcome the opportunity for co-authorship, collaboration and to comment prior to publication. Expressions of interest can be sent to tib@islandconservation.org.
Reproduction of the dataset or products derived from it, either whole or in part, for commercial purposes is prohibited without prior written permission from a representative of Island Conservation, UCSC CCAL, BirdLife International or IUCN ISSG. For the purposes of these Terms of Use, ""commercial purposes"" means a) any use by, on behalf of, or to inform or assist the activities of, a commercial entity (an entity that operates ""for profit"") or b) use by any non-profit entity for the purposes of revenue generation. If you require permission please contact tib@islandconservation.org.
The recipient will not publish the data in their original format, either whole or in part, on a website, FTP site, CD, memory stick or any other media. The recipient should provide a link to the original data source location at www.tib.islandconservation.org where appropriate.
Use of these data does not constitute endorsement by Island Conservation, UCSC CCAL, BirdLife International or IUCN ISSG of any derived products, reports or analyses. The Island Conservation, University of California, BirdLife International or IUCN ISSG logos must not be used on any derived products, reports or analyses, or supporting materials, without express permission.
The recipient will only use the data provided for the purpose for which it was requested, if subsequent or different use is required the recipient must contact the Island Conservation, University of California, BirdLife International or IUCN ISSG at tib@islandconservation.org again for written approval.
The recipient will not pass the original datasets on to third parties and will direct all requests for use of the data back to the Island Conservation, University of California, BirdLife International or IUCN ISSG at tib@islandconservation.org.
The recipient may only pass on datasets derived from the data supplied by Island Conservation, University of California, BirdLife International or IUCN ISSG if these derived data are supplied with the same terms of use.
Island Conservation, UCSC CCAL, BirdLife International and IUCN ISSG reserve the right to comment on the accuracy of representation of the data in material produced by a recipient.
Island Conservation, UCSC CCAL BirdLife International and IUCN ISSG endeavor to maintain accurate and up-to-date data at all times, but can accept no responsibility for the consequences of errors or omissions in the data, for misuse of the data by any organization or individual, or for any damage done to computing systems into which the data are entered (see Disclaimer).
Either an electronic or two paper copies of all products published using data supplied by Island Conservation, UCSC CCAL, BirdLife International or IUCN ISSG will be sent, free of charge, c/o - Island Conservation, 100 Shaffer Road, Santa Cruz CA USA 95060 or via email to tib@islandconservation.org.",0,1,1,1,0
Biodiversity-related data portal,Atlas of Living Australia (ALA),Updated regularly,Commonwealth Scientific and Industrial Research Organisation,CSIRO-001,1,https://www.ala.org.au,,Australia,Pacific,Specific Terms of Use,"For more information, please visit the following sites:

- Copyright: https://www.ala.org.au/who-we-are/terms-of-use/#Copyright
- Terms of Use: https://www.ala.org.au/who-we-are/terms-of-use/",1,0,0,1,0
Biogenic habitat,Marine Forests,1.0 (2018),Centre of Marine Sciences,CCMAR-001,1,https://www.marineforests.com/,http://wcmc.io/seagrass,Global,Global,Specific Terms of Use,"This initiative follows the FAIR principle, to make data Findable, Accessible, Interoperable and Reusable (Wilkinson et al., 2016).
Wilkinson, M. D. et al. (2016). Scientific Data. doi:10.1038/sdata.2016.18

By submitting any contents to the Marine Forests Website, the users grant CCMAR a worldwide, non-exclusive royalty-free license, allowing CCMAR to reproduce, adapt, modify and publish the contents with the purpose of exhibiting, distributing and promoting the contents. The users warrant that (i) they own and control the rights to the published contents or have the right to publish such contents to the Website and (ii) the contents are correct and not misleading. CCMAR has the right deny or terminate the access to the Website to any entity or individual for any reason.

CCMAR has not reviewed the contents published by the users, and cannot be responsible for the contents published, their use or effects. CCMAR does not endorse the contents published to the Website as accurate, non-harmful or useful.

For more information, please visit: https://marineforests.com/terms/.",0,1,0,0,1
Ecosystem services and natural capital,Funding the Ocean,1.0 (2018),Foundation Centre,FC-001,0,http://www.fundingtheocean.org,,Global,Global,Specific Terms of Use,"Full use contraints are detailed here https://maps.foundationcenter.org/

(a) The Maps Service contains copyrighted material, trademarks, and other proprietary information of the Center (collectively “Proprietary Material”) including, but not limited to, text, software, photos, graphics, and images. The Maps Service also contains copyrighted material, trademarks, and other proprietary information licensed by, or otherwise made available to, the Center from third party content suppliers. [MF9] You agree not to modify, publish, transmit, participate in the transfer or sale of, create derivative works of, or in any way exploit, in whole or in part, any copyrighted material included in the Maps Service.

 (b) The Maps Service in its entirety is: Copyright 2014 Foundation Center. All Rights Reserved.

© Except as otherwise expressly permitted by this Agreement, or as permitted under copyright law, no posting, copying, downloading, uploading, transmission, retransmission, distribution, redistribution, publication, republication, decompilation, disassembling, reverse engineering, or otherwise modifying or commercially exploiting of any Proprietary Material included is permitted without the express permission of the copyright owner. In the event of any copying, redistribution, or publication of copyrighted material as permitted by law, no changes in or deletion of author attribution, trademark, legend, or copyright notice shall be made.

(d) Foundation Maps service marks, trademarks, and logos and other Center service marks, trademarks, and logos are service marks, trademarks, and logos of the Center. Other service marks, trademarks, and logos used on the Maps Service Website or the Center's website are the service marks, trademarks, or logos of their respective owners.",0,1,0,0,1
Taxonomic database,The Sponge Guide (tSG),3.0 (2014),Universidad Nacional de Colombia,tSG-001,0,http://www.spongeguide.org/,,Regional,Wider Caribbean,Specific Terms of Use,"The guide is free to use only for educational and instructional purposes. To use tSG material for commercial or publication purposes, please contact spongeguide@gmail.com.",0,1,0,1,1
Biodiversity-related data portal,European Atlas of the Seas,Please refer to the original dataset.,Directorate General on Maritime Affairs and Fisheries of the European Commission,DGMARE-001,1,https://ec.europa.eu/maritimeaffairs/atlas/maritime_atlas/,,Regional,Mediterranean; North-East Atlantic,Specific Terms of Use,"See: https://europa.eu/european-union/abouteuropa/legal_notices_en. Reproduction is authorised, provided the source is acknowledged, save where otherwise stated.

With a rich collection of informative facts and maps build on open data, the European Atlas of the Seas counts on the precious contribution of many data providers such as the European Commission, Directorate General for Maritime Affairs and Fisheries (DG MARE), other DGs and EU agencies, as well as the European Marine Observation and Data Network (EMODnet), the European Environmental Agency, Eurostat, Copernicus, the Joint Research Centre and others. Source providers are always acknowledged and a link to the source location is provided whenever possible.",1,1,1,1,1
Species distribution,Migratory Connectivity in the Ocean (MiCo),N/A,"Marine Geospatial Ecology Lab, Duke University",Duke-001,1,https://mico.eco/,,Global,Global,Specific Terms of Use,"For full terms of use, please visit: https://mico.eco/terms/. For terms of reference for data providers to MiCo, please visit: https://mico.eco/terms-of-reference/.",1,1,1,1,0
Protected areas and areas of biodiversity importance,ProtectedSeas Marine Area Map,Updated monthly,Anthropocene Institute,ProSeas-001,1,https://protectedseas.net/,,Antigua and Barbuda; Aruba; Bahamas (the); Barbados; Canada; Cayman Islands (the); Cuba; Curaçao; Dominican Republic (the); Grenada; Guadeloupe; Haiti; Jamaica; Martinique; Mexico; Micronesia (Federated States of); Northern Mariana Islands (the); Palau; Papua New Guinea; Puerto Rico; Saint Lucia; Trinidad and Tobago; Turks and Caicos Islands (the); United States Minor Outlying Islands (the); United States of America (the); Virgin Islands (British); Virgin Islands (U.S.),Areas Beyond National Jurisdiction (ABNJ); North-East Atlantic; North-West Atlantic; Pacific; Wider Caribbean,Specific Terms of Use,"Our full Marine Area Database is available for download in various GIS formats by region under a simple, free license. To learn more or to download the data, please visit our Ocean Data page.

For full 'terms and conditions', please visit: https://protectedseas.net/request-data.",1,1,1,0,0
Administration,"Global Self-consistent, Hierarchical, High-resolution Geography Database",2.3.4 (March 2015),"School of Ocean and Earth Science and Technology, University of Hawaii",UniHaw-001,1,http://www.soest.hawaii.edu/pwessel/gshhg,,Global,Global,GNU,Please notify Dr. Paul Wessel (pwessel@hawaii.edu) and Dr. Walter H.F. Smith (Walter.HF.Smith@noaa.gov) if any changes are made to the GSHHG dataset for commercial use.,1,0,0,0,0
Environment descriptor,Bio-ORACLE: a Global Environmental Dataset for Marine Species Distribution Modelling (2012),,"Phycology Research Group, Ghent University",Ghent-001,0,http://www.oracle.ugent.be,http://wcmc.io/environment-descriptors,Global,Global,GNU,,0,0,0,1,0
Environment descriptor,Global Marine Environment Dataset (GMED),2.0,"Institute of Marine Science, University of Auckland",GMED-001,0,http://gmed.auckland.ac.nz/index.html,http://wcmc.io/environment-descriptors,Global,Global,GNU,Not reported.,1,0,0,0,0
Biogenic habitat,Global Distributions of Habitat Suitability for Cold-Water Octocorals (2012),1.0 (2012),"Institute of Zoology, Zoological Society of London",ZSL-001,1,http://data.unep-wcmc.org/datasets/40,http://wcmc.io/cold-coral,Global,Global,CC BY 3.0,"To access the high-resolution rasters (30 arc-sec., approx. 1 sq-km) and/or the database of geolocated octocoral specimens (both restricted), contact chris.yesson@ioz.ac.uk.",1,1,1,1,1
Biogenic habitat,Modelled Spatial Distributions of Coralligenous and Maërl Habitats (2014),2014,UN Environment World Conservation Monitoring Centre,Mediseh-001,1,http://www.emodnet-seabedhabitats.eu/default.aspx?page=1974,,Albania; Algeria; Croatia; Egypt; France; Greece; Israel; Italy; Lebanon; Montenegro; Morocco; Slovenia; Spain; Syrian Arab Republic; Tunisia; Turkey,Mediterranean,CC BY 3.0,,1,0,1,1,1
Biogeographic classification,Global Distribution of Seamounts and Knolls (2011),1.0 (2011),"Institute of Zoology, Zoological Society of London",ZSL-002,1,http://data.unep-wcmc.org/datasets/41,http://wcmc.io/seamounts,Global,Global,CC BY 3.0,None.,1,1,1,1,1
Environment descriptor,Mean Annual Sea Surface Chlorophyll-a Concentration 2009-2013 (2015),1.0 (April 2015),UN Environment World Conservation Monitoring Centre,WCMC-034,1,http://data.unep-wcmc.org/datasets/37,http://wcmc.io/environment-descriptors,Global,Global,CC BY 3.0,None,0,1,0,1,0
Environment descriptor,Mean Annual Sea Surface Temperature 2009-2013 (2015),1.0 (May 2015),UN Environment World Conservation Monitoring Centre,WCMC-035,1,http://data.unep-wcmc.org/datasets/36,http://wcmc.io/environment-descriptors,Global,Global,CC BY 3.0,None,0,1,0,1,0
Ecological status and impact,Reefs at Risk Revisited (2011),2011,World Resources Institute,WRI-002,1,http://www.wri.org/publication/reefs-risk-revisited,http://www.wri.org/sites/default/files/factsheet_reefs_main.pdf,Global,Global,CC BY 3.0,"For full listing of conditions and exceptions, please visit http://www.wri.org/publications/permissions-licensing.",0,1,1,1,1
Taxonomic database,World Register of Marine Species (WoRMS),,Flanders Marine Institute,VLIZ-004,1,http://www.marinespecies.org/,,Global,Global,CC BY 3.0,"CC-BY-3.0, but redistribution is not permitted.",0,0,0,1,0
Species distribution,Movebank,,Max Planck Institute for Ornithology,MovBnk-001,1,https://www.movebank.org,,Global,Global,CC BY 3.0,"1. Content
The owner of the domain, the publicist and the author (hereinafter referred to only as ""the author"") make no warranties regarding the currency, accuracy or completeness of the information provided. Liability claims against the author which relate to damages of a material or immaterial nature caused by the use or non-use of the information offered or the use of inaccurate or incomplete information are explicitly excluded unless there is demonstrable intentional fault or gross negligence on the part of the author. The author expressly reserves the right without prior notice to change, supplement or delete parts of the pages or the entire offering or to cease publication temporarily or permanently.

2. References/links
In the case of direct or indirect references to external Internet pages (links) which are outside the author's area of responsibility, an obligation to assume liability would come into effect only in a case where the author was aware of the contents and could be reasonably expected, and had the technical means, to prevent the use thereof in the case of unlawful content. The author hereby expressly declares that, at the time the link was created, the linked pages contained no unlawful content. The author has no influence whatsoever on the current and future design and on the content of the linked pages. Therefore the author hereby expressly dissociates itself from all contents of all linked pages which were changed after the link was created. This statement applies also to all links and references on its own website. Liability for unlawful, inaccurate or incomplete content, and especially for damages which arise from the use or non-use of information thus provided, shall be borne solely by the provider of the page to which reference is made, not by the party which refers to the publication in question via a link.

3. Copyright and trademark law
The author shall make every effort to observe in all publications the copyright of all graphics and texts, to use graphics and texts produced by him or to avail of graphics and texts which are in the public domain. All the trademarks and brands referred to on this website, including those registered by third parties, are subject without limitation to the provisions of applicable trademark law and the ownership rights of the registered owner in question. From the mere mention of trademarks it may not be concluded that they are not subject to third-party rights. Except where otherwise noted, content on this site is licensed under a Creative Commons Attribution 3.0 License.

4. Legal effectiveness of this disclaimer
This disclaimer shall be regarded as part of the website from which reference to this page is made. Should parts of the text or any wording therein not, not fully, or no longer comply with applicable law, this shall not affect the validity or the content of the remaining parts of the document.",1,0,1,0,0
Protected areas and areas of biodiversity importance,Global Shark Distribution Database (2011),2011,Dalhousie University,UniDahl-003,1,http://journals.plos.org/plosone/article?id=10.1371/journal.pone.0019356,,Global,Global,CC BY 3.0,,0,0,0,1,0
Biodiversity-related data portal,Knowledge Network for Biocomplexity (KNB),,"National Centre for Ecological Analysis and Synthesis, University of California",NCEAS-004,1,https://knb.ecoinformatics.org,,Global,Global,CC BY 3.0,,1,0,0,0,0
Ecological status and impact,Environmental Performance Index (EPI),2018,Yale Centre for Environmental Law & Policy,YCELP-001,1,http://epi.yale.edu/downloads,,Global,Global,CC BY 3.0,,0,0,1,1,0
Biogeographic classification,Global Distribution of Hydrothermal Vent Fields,3.4 (October 2015),Institut de Physique du Globe de Paris,IntRid-001,1,http://vents-data.interridge.org/ventfields_list_all,http://wcmc.io/hydrothermal-vents,Global,Global,CC BY-NC-SA 3.0,"User are asked to acknowledge InterRidge when using the database, and to send InterRidge the citations of any publications based on the information contained in the database.",1,0,0,1,1
Protected areas and areas of biodiversity importance,Global Distribution of Key Biodiversity Areas,2016,Birdlife International,Birdlife-001,1,http://www.keybiodiversityareas.org/site/mapsearch,http://wcmc.io/KBA,Global,Global,Specific Terms of Use,"Terms of use for AZE data can be found at www.zeroextinction.org/pdf/TermsofUseAZEdata_2011.pdf. Commercial use is prohibited without prior written permission of the Alliance. For other KBA data, contact Birdlife International (birdlife@birdlife.org) for terms of use.",1,0,1,0,0
Species distribution,Global Distribution of Northern Fur Seals (2013),1.0 (August 2013),Albert-Ludwigs-University of Freiburg,Kaschner-001,1,http://www.aquamaps.org,,Global,Global,CC BY-NC 3.0,"Interested users of the dataset should contact Kristin Kaschner who will identify and provide, where appropriate, the most recent updated data.

For commercial use, please contact business-support@unep-wcmc.org.",0,1,0,1,0
Species distribution,Global Distribution of Hawaiian Monk Seals (2013),1.0 (August 2013),Albert-Ludwigs-University of Freiburg,Kaschner-002,1,http://www.aquamaps.org,,Global,Global,CC BY-NC 3.0,"Interested users of the dataset should contact Kristin Kaschner who will identify and provide, where appropriate, the most recent updated data.

For commercial use, please contact business-support@unep-wcmc.org.",0,1,0,1,0
Species distribution,Global Distribution of Grey Seals (2013),1.0 (August 2013),Albert-Ludwigs-University of Freiburg,Kaschner-003,1,http://www.aquamaps.org,,Global,Global,CC BY-NC 3.0,"Interested users of the dataset should contact Kristin Kaschner who will identify and provide, where appropriate, the most recent updated data.

For commercial use, please contact business-support@unep-wcmc.org.",0,1,0,1,0
Species distribution,Global Distribution of Hector's Dolphins (2013),1.0 (August 2013),Albert-Ludwigs-University of Freiburg,Kaschner-004,1,http://www.aquamaps.org,,Global,Global,CC BY-NC 3.0,"Interested users of the dataset should contact Kristin Kaschner who will identify and provide, where appropriate, the most recent updated data.

For commercial use, please contact business-support@unep-wcmc.org.",0,1,0,1,0
Species distribution,Global Distribution of Northern Bottlenose Whales (2013),1.0 (August 2013),Albert-Ludwigs-University of Freiburg,Kaschner-005,1,http://www.aquamaps.org,,Global,Global,CC BY-NC 3.0,"Interested users of the dataset should contact Kristin Kaschner who will identify and provide, where appropriate, the most recent updated data.

For commercial use, please contact business-support@unep-wcmc.org.",0,1,0,1,0
Species distribution,Global Distribution of Sperm Whales (2013),1.0 (August 2013),Albert-Ludwigs-University of Freiburg,Kaschner-006,1,http://www.aquamaps.org,,Global,Global,CC BY-NC 3.0,"Interested users of the dataset should contact Kristin Kaschner who will identify and provide, where appropriate, the most recent updated data.

For commercial use, please contact business-support@unep-wcmc.org.",0,1,0,1,0
Species distribution,Global Distribution of Bowhead Whales (2013),1.0 (August 2013),Albert-Ludwigs-University of Freiburg,Kaschner-008,1,http://www.aquamaps.org,,Global,Global,CC BY-NC 3.0,"Interested users of the dataset should contact Kristin Kaschner who will identify and provide, where appropriate, the most recent updated data.

For commercial use, please contact business-support@unep-wcmc.org.",0,1,0,1,0
Species distribution,Global Distribution of Sei Whales (2013),1.0 (August 2013),Albert-Ludwigs-University of Freiburg,Kaschner-009,1,http://www.aquamaps.org,,Global,Global,CC BY-NC 3.0,"Interested users of the dataset should contact Kristin Kaschner who will identify and provide, where appropriate, the most recent updated data.

For commercial use, please contact business-support@unep-wcmc.org.",0,1,0,1,0
Species distribution,Global Distribution of Atlantic Spotted Dolphins (2013),1.0 (August 2013),Albert-Ludwigs-University of Freiburg,Kaschner-011,1,http://www.aquamaps.org,,Global,Global,CC BY-NC 3.0,"Interested users of the dataset should contact Kristin Kaschner who will identify and provide, where appropriate, the most recent updated data.

For commercial use, please contact business-support@unep-wcmc.org.",0,1,0,1,0
Species distribution,Global Distribution of Melon-Headed Whales (2013),1.0 (August 2013),Albert-Ludwigs-University of Freiburg,Kaschner-012,1,http://www.aquamaps.org,,Global,Global,CC BY-NC 3.0,"Interested users of the dataset should contact Kristin Kaschner who will identify and provide, where appropriate, the most recent updated data.

For commercial use, please contact business-support@unep-wcmc.org.",0,1,0,1,0
Biodiversity-related data portal,Atlas of Global Conservation,2014,The Nature Conservancy,TNC-002,1,http://maps.tnc.org/globalmaps.html,,Global,Global,CC BY-NC 3.0,,0,1,0,1,0
Biodiversity-related data portal,FishBase,04/2015,FishBase Consortium,FishBase-001,1,http://www.fishbase.org,,Global,Global,CC BY-NC 3.0,"You are welcome to include text, numbers and maps from FishBase in your own web sites for non-commercial use, given that such inserts are clearly identified as coming from FishBase, with a backward link to the respective source page. Photos and drawings belong to the indicated persons or organizations and have their own copyright statements. Photos and drawings with CC-BY or CC-BY-NC copyrights can be used without further permission, with full attribution to the person or organization and the indication 'from FishBase'.",0,0,0,1,0
Taxonomic database,SeaLifeBase,04/2015,"Sea Around Us, University of British Columbia",SLBase-001,1,http://www.sealifebase.org,,Global,Global,CC BY-NC 3.0,"You are welcome to include text, numbers and maps from SeaLifeBase in your own web sites for non-commercial use, given that such inserts are clearly identified as coming from SeaLifeBase, with a backward link to the respective source page. Photos and drawings belong to the indicated persons or organizations and have their own copyright statements. Photos and drawings with CC-BY or CC-BY-NC copyrights can be used without further permission, with full attribution to the person or organization and the indication 'from SeaLifeBase'.",0,0,0,1,0
Species distribution,Spatial Data for the Red List of Threatened Species,v5.1,International Union for Conservation of Nature,IUCN-001,1,http://www.iucnredlist.org,http://www.iucnredlist.org/technical-documents/spatial-data,Global,Global,Specific Terms of Use,"Datasets are freely available for non-commercial use according to published terms (http://www.iucnredlist.org/info/terms-of-use), and under data licence for commercial use through IBAT (https://www.ibatforbusiness.org/). These data and any derivatives may not be used for commercial or any revenue generating activities without prior written permission from IUCN. All forms of reposting, sub-licensing, reselling or other forms of redistribution of these data in their original format are also prohibited without prior written permission from IUCN. Please refer to the Terms and Conditions of Use.",1,0,1,1,0
Species distribution,Corrected and Refined Mangrove Species Ranges (2014),1.0 (December 2014),UN Environment World Conservation Monitoring Centre,IUCN-002,1,Contact: marine@unep-wcmc.org,http://wcmc.io/mangroves,Global,Global,Specific Terms of Use,Interested users should contact marine@unep-wcmc.org in the first instance. Permission to access the data will require permission from both IUCN and UNEP-WCMC.,1,0,0,1,1
Trade,Species+,,UN Environment World Conservation Monitoring Centre,WCMC-037,1,http://www.speciesplus.net,,Global,Global,Specific Terms of Use,None,0,0,1,1,0
Species distribution,Ocean Biogeographic Information System (OBIS),,"OBIS Secretariat, Intergovernmental Oceanographic Commission (UNESCO)",OBIS-003,1,http://www.iobis.org,,Global,Global,Specific Terms of Use,,1,0,0,1,0
Ecological status and impact,Living Planet Database (LPD),2014,"Indicators and Assessments Unit, Zoological Society of London",WWF-002,1,http://www.livingplanetindex.org/data_portal,http://wwf.panda.org/about_our_earth/all_publications/living_planet_report/,Global,Global,Specific Terms of Use,"The full disclaimer can be obtained from the Data Use Policy (http://www.livingplanetindex.org/documents/data_agreement.pdf), while documents outlining ""Data Standards"" and ""LPI data requirements for public users"" can be obtained from the data portal (http://www.livingplanetindex.org/supporting_documents).",0,1,1,1,0
Taxonomic database,Catalogue Of Life (CoL),,"Species 2000 Secretariat, Naturalis Biodiversity Center",CoL-001,1,http://www.catalogueoflife.org,,Global,Global,Specific Terms of Use,,0,0,0,1,0
Ecosystem services and natural capital,Sea Around Us,,"Sea Around Us, University of British Columbia",UBC-009,1,http://www.seaaroundus.org,,Global,Global,Specific Terms of Use,,0,1,1,0,1
Ecosystem services and natural capital,Mapping Ocean Wealth,,"Mapping Ocean Wealth, The Nature Conservancy",TNC-004,1,http://maps.oceanwealth.org/,,Global,Global,Specific Terms of Use,"Content owned by The Nature Conservancy: Use of Content on Mapping Ocean Wealth is permitted by Users under the terms of the Creative Commons license for non-commercial purposes (CC BY-NC-SA; http://creativecommons.org/licenses/by-nc-sa/3.0/legalcode) on the condition it is attributed to the Content owner, specifically The Nature Conservancy . The full terms of the License can be found on Creative Commons.

Content owned by Third-Parties: Use of Third-Party Owned Content on Mapping Ocean Wealth that is not in Mapping Ocean Wealth Posts is not permitted by Users besides reviewing online, including but not limited to copying, distribution, publication, transfer or sale.

User-Generated Content on Mapping Ocean Wealth Posts: Use of Content on Mapping Ocean Wealth is permitted by Users under the terms of the Creative Commons license for non-commercial purposes (CC BY-NC-SA; http://creativecommons.org/licenses/by-nc-sa/3.0/legalcode) on the condition it is attributed to the Content owner. The full terms of the License can be found on Creative Commons.",0,1,0,0,1
Biodiversity-related data portal,Integrated Biodiversity Assessment Tool (IBAT),,Integrated Biodiversity Assessment Tool,IBAT-001,1,https://www.ibat-alliance.org/ibat-conservation/login,,Global,Global,Specific Terms of Use,"The IBAT Alliance require a copy of all published materials that include the
Information to be lodged with them free of charge within one month of publication preferably in electronic format via ibat@birdlife.org.

IBAT for Research and Conservation Planning is freely available for non-commercial use by governments, researchers and conservation practitioners, to support decision-making in conservation and development.

IBAT for Business is available via subscription to corporates and consultancies, to inform business decision-making.",1,0,1,0,0
Protected areas and areas of biodiversity importance,Global Distribution of Ecologically or Biologically Significant Marine Areas (EBSAs),1.0,Secretariat of the Convention on Biological Diversity,CBD-001,1,https://www.cbd.int/ebsa/,http://wcmc.io/EBSA,Global,Global,Specific Terms of Use,,1,0,1,0,0
Administration,Statistical Areas For Fishery Purposes (2008),3.0,Food and Agriculture Organization of the United Nations,FAO-003,0,http://www.fao.org/geonetwork/srv/en/main.home?uuid=ac02a460-da52-11dc-9d70-0017f293bd28,,Global,Global,Specific Terms of Use,"Content on http://www.fao.org , its affiliated websites and specific pages (collectively \""the FAO website\"") is protected by copyright. To ensure wide dissemination of its information, FAO is committed to making its content freely available and encourages the use, reproduction and dissemination of the text, multimedia and data products presented. Except where otherwise indicated, content may be copied, printed and downloaded for private study, research and teaching purposes, or for use in non-commercial products or services, provided that appropriate acknowledgement of FAO as the source and copyright holder is given and that FAO's endorsement of users' views, products or services is not stated or implied in any way. FAO encourages unrestricted use of news releases provided on the FAO website, and no formal permission is required to reproduce these materials. All requests for translation and adaptation rights, and for resale and other commercial use rights should be addressed to copyright@fao.org or submitted via the online Licence Request Form when downloading. Copyright: Exclusive right to the publication, production, or sale of the rights to a literary, dramatic, musical, or artistic work, or to the use of a commercial print or label, granted by law for a specified period of time to an author, composer, artist, distributor License: Formal permission to do something",1,0,0,0,0
Protected areas and areas of biodiversity importance,Global Distribution of Vulnerable Marine Ecosystems (VMEs),1.0,Food and Agriculture Organization of the United Nations,FAO-002,1,http://www.fao.org/in-action/vulnerable-marine-ecosystems/background/vme-tools/en/#download_shapefiles,http://wcmc.io/VME,Global,Global,Specific Terms of Use,"Please contact Fabio Carocci, Food and Agriculture Organization (FAO)",0,0,1,0,0
Biogeographic classification,Seafloor Geomorphic Features Map (2014),2014,GRID-Arendal,GridA-001,1,http://www.bluehabitats.org/?page_id=58,,Global,Global,CC BY 4.0,None.,1,1,0,0,0
Species distribution,Global Biodiversity Information Facility (GBIF),2017,Global Biodiversity Information Facility,GBIF-001,1,http://www.gbif.org,,Global,Global,CC BY 4.0,"Data accessed through the GBIF network is free for all—but not free of obligations. Under the terms of the GBIF data user agreement (https://www.gbif.org/terms/data-user), users who download individual datasets or search results and use them in research or policy agree to cite them using a DOI, or Digital Object Identifier.

All available data are licensed under one of three options:
- CC0, under which data are made available for any use without restriction or particular requirements on the part of users
- CC BY, under which data are made available for any use provided that attribution is appropriately given for the sources of data used, in the manner specified by the owner
- CC BY-NC, under which data are made available for any use provided that attribution is appropriately given and provided the use is not for commercial purposes

For more information regarding terms of use, please visit: https://www.gbif.org/terms.",1,1,1,1,0
Biogenic habitat,Global Spatiotemporal Database of Mangrove Forest Cover (2014) (CGMFC-21),1.0 (2014),Salisbury University,UniSal-001,1,http://arxiv.org/abs/1412.0722,,Global,Global,CC BY 4.0,None.,1,1,1,1,1
Ecological status and impact,Spatial and temporal changes in cumulative human impacts on the world’s ocean (2015),1.0 (July 2015),"National Centre for Ecological Analysis and Synthesis, University of California",NCEAS-003,0,https://knb.ecoinformatics.org/#data/query=%28Halpern%20Cumulative%20human%20impacts%29/page/0,,Global,Global,CC BY 4.0,,0,0,0,0,0
Biogeographic classification,Marine Biogeographic Realms,1.0 (2017),"Institute of Marine Science, University of Auckland, Auckland",UniAuk-001,1,https://figshare.com/articles/GIS_shape_files_of_realm_maps/5596840,http://www.biodiversitya-z.org/content/biogeographic-classification-marine,Global,Global,CC BY 4.0,None.,1,1,0,0,0
Biogenic habitat,Global Mangrove Watch,2.0,Global Mangrove Watch,GMW-001,1,http://www.eorc.jaxa.jp/ALOS/en/kyoto/mangrovewatch.htm,http://wcmc.io/mangroves,Global,Global,CC BY 4.0,Only the 2010 GMW layer is currently available for download on the Ocean Data Viewer. Further layers will be added to the platform from 2018 onwards.,0,0,0,1,1
Species habitat,A Modelled Global Distribution of the Seagrass Biome,1.0 (2018),"Institute of Marine Science, University of Auckland, Auckland",UniAuk-002,1,http://data.unep-wcmc.org/datasets/46,http://wcmc.io/seagrass,Global,Global,CC BY 4.0,None.,0,0,0,1,1
Protected areas and areas of biodiversity importance,Digital Map of the Coral Triangle,1.0 (2019),"Institute of Marine Science, University of Auckland, Auckland",UniAuk-003,0,http://uoa.maps.arcgis.com/apps/MinimalGallery/index.html?appid=e0ccfa15b54d49de9ea6a8db2079d8ac,,Indonesia; Malaysia; Papua New Guinea; Philippines (the); Solomon Islands; Timor-Leste,South Asian Seas,CC BY 4.0,None.,1,0,0,1,1
Environment descriptor,"ReefTEMPS: the observation network of the coastal sea waters of the South, West and South-West Pacific",1.0 (2018),Institut de recherche pour le développement,ReefTEMPS-001,1,https://www.seanoe.org/data/00440/55128/,,Regional,East Asian Sea; Pacific,CC BY 4.0,"All data acquired are publicly accessible without any restriction (under CC-BY licence). The extracted data are accessible from this ReefTEMPS landing page with a downloadable ZIP file. All the data acquired, including the most recent data, are accessible from the ReefTemps data portal and through the different ReefTEMPS web services.",0,0,0,1,1
Biogenic habitat,Global Distribution of Tidal Flat Ecosystems,1.0 (2019),The University of Queensland,MUR-001,1,https://wcmc.io/MUR_001,,Global,Global,CC BY 4.0,,0,0,0,0,0
Biodiversity metric,Global Sea Turtle Species Richness (2002),,UN Environment World Conservation Monitoring Centre,WCMC-003,0,Contact marine@unep-wcmc.org,http://wcmc.io/biodiversity-metric,Global,Global,Not Reported,,0,0,0,1,1
Environment descriptor,General Bathymetric Chart of the Oceans (2008),GEBCO_2014 Grid,British Oceanographic Data Centre,GEBCO-001,0,http://www.gebco.net/data_and_products/gridded_bathymetry_data,http://wcmc.io/environment-descriptors,Global,Global,Not Reported,,1,0,0,0,0
Biogeographic classification,Global Seamount Database (2011),0.1,"School of Ocean and Earth Science and Technology, University of Hawaii",UniHaw-003,0,http://www.soest.hawaii.edu/PT/SMTS/main.html,http://wcmc.io/seamounts,Global,Global,Not Reported,,1,0,1,1,0
Species distribution,Global Shark Distribution Database (2009),2009,Dalhousie University,UniDalh-002,0,http://www.globalshark.ca/gs_distribution_db/data.php,,Global,Global,Not Reported,,0,0,0,1,0
Species distribution,Global Register of Migratory Species (2004),,Zoologisches Forschungsinstitut und Museum Alexander Koenig,GROMS-001,0,http://www.groms.de,,Global,Global,Not Reported,,1,0,1,1,0
Administration,Global Distribution of Ports: World Port Index (2011),,National Geospatial - Intelligence Agency,NG-AI-001,0,https://msi.nga.mil/NGAPortal/MSI.portal?_nfpb=true&_pageLabel=msi_portal_page_62&pubCode=0015,,Global,Global,Not Reported,,1,0,1,0,0
Protected areas and areas of biodiversity importance,The Global 200 Ecoregions (2002),2002,World Wildlife Fund,WWF-001,0,http://www.worldwildlife.org/publications/global-200,http://wcmc.io/Global-200,Global,Global,Not Reported,,1,1,0,1,0
Biogenic habitat,Global Distribution of Habitat Suitability for Stony Corals on Seamounts (2009),2009,UN Environment World Conservation Monitoring Centre,WCMC-024,0,Contact marine@unep-wcmc.org,http://wcmc.io/seamounts,Global,Global,Not Reported,,1,0,0,1,1
Species distribution,Ocean Tracking Network,,Dalhousie University,UniDalh-001,0,http://members.oceantrack.org/data/discovery/GLOBAL.htm,,Global,Global,Not Reported,,1,1,1,1,0
Biogeographic classification,A Proposed Biogeography of the Deep Oceans (2013),2009,University of Hawaii,UniHaw-002,0,Contact watling@hawaii.edu,,Global,Global,Not Reported,,0,0,0,1,0
Environment descriptor,AquaMaps Environmental Dataset,,"Aquamaps, a joint project of FishBase and SealifeBase",AquaMaps-003,0,http://www.aquamaps.org/download/main.php,,Not Reported,Not Reported,Not Reported,,0,0,0,1,0
Species habitat,Fish Aggregation Database,2013,Science and Conservation of Fish Aggregations,SCRFA-001,0,http://www.scrfa.org/database,,Global,Global,Not Reported,,1,0,0,1,1
Environment descriptor,Global Crustal Model (2013),,"Scripps Institution of Oceanography, University of California",UniCal-002,0,http://igppweb.ucsd.edu/~gabi/crust1.html,,Global,Global,Not Reported,,1,0,0,0,0
Ecosystem services and natural capital,A Global Map Of Coastal Recreation Values (2013),,University of Haifa,UniHaif-001,0,http://dx.doi.org/10.1016/j.ecolecon.2012.11.006,,Global,Global,Not Reported,,0,0,0,0,1
Taxonomic database,Mangrove Reference Database and Herbarium,,Flanders Marine Institute,VLIZ-005,0,http://www.vliz.be/vmdcdata/mangroves,,Global,Global,Not Reported,,0,0,0,1,1
Species distribution,Wildlife Tracking,,seaturtle.org,SeaTur-001,0,http://www.wildlifetracking.org,,Not Reported,Not Reported,Not Reported,,0,1,0,1,0
Biodiversity-related data portal,Environmental Data Explorer,,UN Environment,UNEP-003,0,http://geodata.grid.unep.ch,,Global,Global,Not Reported,,0,1,0,1,1
Biodiversity-related data portal,UNEP Live,,UN Environment,UNEP-004,0,http://uneplive.unep.org,,Global,Global,Not Reported,,0,0,0,1,1
Ecosystem services and natural capital,Ocean Past Initiative,,"Maritime Historical Studies Centre, University of Hull",HMAP-001,0,http://www.hull.ac.uk/hmap/Library/Library.htm,,Global,Global,Not Reported,,0,1,0,0,0
Ecological status and impact,Global and Regional Assessments of the Marine Environment (GRAME) Database,,UN Environment World Conservation Monitoring Centre,WCMC-038,0,http://www.unep-wcmc-apps.org/gramed,,Global,Global,Not Reported,,1,0,0,0,0
Biodiversity-related data portal,ReefBase,,The WorldFish Center,WorldFish-001,0,http://www.reefbase.org/gis_maps/datasets.aspx,,Global,Global,Not Reported,,0,0,0,1,1
Ecological status and impact,NOAA Coral Reef Watch,3.1 (August 2018),National Oceanic and Atmospheric Administration,NOAA-002,0,http://coralreefwatch.noaa.gov/satellite/composites/index.php,,Global,Global,Not Reported,,1,1,1,1,1
Ecological status and impact,Submarine Cable Map,,International Cable Protection Committee,ICPC-001,1,https://iscpc.org/cable-data,,Global,Global,Not Reported,None.,1,0,1,0,0
Administration,"Areas of Special Importance For Cetaceans of the Black Sea, Mediterranean Sea and contiguous Atlantic areas (ACCOBAMS)",,"The Agreement on the Conservation of Cetaceans of the Black Sea, Mediterranean Sea and contiguous Atlantic area",ACCOBAMS-001,0,Contact: marine@unep-wcmc.org,,Regional,Black Sea; Mediterranean,Not Reported,,1,0,1,0,0
Administration,"Area of Competence for the Areas of Special Importance For Cetaceans of the Black Sea, Mediterranean Sea and contiguous Atlantic areas (ACCOBAMS)",,"The Agreement on the Conservation of Cetaceans of the Black Sea, Mediterranean Sea and contiguous Atlantic area",ACCOBAMS-002,0,Contact: marine@unep-wcmc.org,,Regional,Black Sea; Mediterranean,Not Reported,,1,0,0,0,0
Administration,"Area of Competence for the Agreement on the Conservation of Small Cetaceans in the Baltic, North East Atlantic, Irish and North Seas (ASCOBANS)",,"Agreement on the Conservation of Small Cetaceans in the Baltic, North East Atlantic, Irish and North Seas",ASCOBANS-001,0,Contact: marine@unep-wcmc.org,,United Kingdom of Great Britain and Northern Ireland (the),Baltic; North-East Atlantic,Not Reported,,1,0,0,0,0
Biodiversity-related data portal,Living Atlas of the World,,ESRI,ESRI-001,0,https://livingatlas.arcgis.com/en/#s=0,,Global,Global,Not Reported,,0,0,0,1,0
Ecological status and impact,World Ocean Atlas,,National Oceanic and Atmospheric Administration,NOAA-003,0,https://www.nodc.noaa.gov/OC5/WOA09/pr_woa09.html,,Global,Global,Not Reported,,1,0,0,0,0
Administration,Coastal Governance Index,,The Economist Intelligence Unit,EIU-001,0,http://perspectives.eiu.com/sites/default/files/images/EIU_CGIndex_WEB%20final_0.pdf,,Global,Global,Not Reported,,1,0,0,0,0
Ecological status and impact,Coral Reef Bright Spot,,"James Cook University, Townsville Campus",UniJC-001,0,https://doi:10.1038/nature18607,,Global,Global,Not Reported,,0,1,0,1,1
Ecological status and impact,Conservation status of habitat types and species,,European Environmental Agency,EEA-002,0,https://www.eea.europa.eu/data-and-maps/data/article-17-database-habitats-directive-92-43-eec-1#tab-european-data,,Regional,Mediterranean; North-East Atlantic,Not Reported,,0,0,0,1,0
Biogeographic classification,Ecological Marine Units (EMU),,ESRI,ESRI-002,0,http://esri.maps.arcgis.com/home/group.html?id=6c78a5125d3244f38d1bc732ef0ee743#overview,,Global,Global,Not Reported,,1,0,0,1,0
Biodiversity-related data portal,European Marine Spatial Platform,,European Marine Spatial Planning Platform,MSPplat-001,0,http://msp-platform.eu/msp-practice/msp-projects,,Belgium; Bulgaria; Croatia; Cyprus; Denmark; Estonia; Finland; France; Germany; Greece; Ireland; Italy; Latvia; Lithuania; Malta; Netherlands (the); Norway; Poland; Portugal; Romania; Slovenia; Spain; Sweden; United Kingdom of Great Britain and Northern Ireland (the),Baltic; Black Sea; Mediterranean; North-East Atlantic,Not Reported,,1,0,0,0,0
Biodiversity-related data portal,EMODnet broad-scale seabed habitat map for Europe (EUSeaMap),,European Marine Observation and Data Network,EMODnet-001,0,http://www.emodnet-seabedhabitats.eu/default.aspx?page=1934,,Regional,Baltic; Mediterranean; North-East Atlantic,Not Reported,,1,0,0,1,1
Ecological status and impact,Forecasted Coral Reef Decline,,University of Fribourg,UniFri-001,0,http://doi:10.1111/gcb.12868,,Global,Global,Not Reported,,0,0,1,1,1
Biodiversity-related data portal,The Global Earth Observation System of Systems (GEOSS) Portal,,Group on Earth Observations,GEO-001,0,http://www.geoportal.org/,,Global,Global,Not Reported,,1,0,0,0,0
Ecological status and impact,Global Ocean Acidification Observing Network,,Global Ocean Acidification Observation Network,GOAON-001,0,http://goa-on.org/GOA-ON_Map_FullScreen.html#,,Global,Global,Not Reported,,0,0,1,0,0
Biogenic habitat,Global Wetlands Map,2.0 (2017),Centre for International Forestry Research,CIFOR-001,1,https://www.cifor.org/global-wetlands/,,Global,Global,Not Reported,Not reported.,1,1,1,0,0
Biodiversity-related data portal,Global Database of Natural Coastal Defences,,The Nature Conservancy,TNC-005,0,http://www.maps.coastalresilience.org/global/#,,Global,Global,Not Reported,,1,0,0,0,1
Species distribution,Global Modelled Distribution of Xenophyophores,1.0 (2014),"University of Southampton, National Oceanography Centre",NOC-001,0,https://doi.org/10.1016/j.dsr.2014.07.012,,Global,Global,Not Reported,,1,0,0,1,0
Ecological status and impact,Global Nutrient Export From Watersheds,,Intergovernmental Oceanographic Commission of UNESCO,IOC-001,0,https://marine.rutgers.edu/globalnews/datasets.htm,,Global,Global,Not Reported,,1,0,1,0,0
Ecological status and impact,Sailing Seas of Plastic,,Dumpark data science & information design,Dumpark-001,0,http://app.dumpark.com/seas-of-plastic-2/#,,Global,Global,Not Reported,,0,1,1,0,0
Biodiversity-related data portal,FAO GeoNetwork,,Food and Agriculture Organization of the United Nations,FAO-004,0,http://www.fao.org/geonetwork/srv/en/main.home#,,Global,Global,Not Reported,,1,0,0,0,0
Biodiversity-related data portal,Global Registry Of Biodiversity Repositories,,National Center for Biotechnology Information,NCBI-001,0,https://docs.google.com/spreadsheets/d/1IoyLuuJvmGhma-cGlmjIQKs65qq-YEXWiZNc1lZen_c/edit#gid=0,,Global,Global,Not Reported,,1,0,0,0,0
Biodiversity-related data portal,Copernicus - Marine Environment Monitoring Service,,Mercator Ocean,Copernicus-001,0,http://marine.copernicus.eu/services-portfolio/access-to-products/,,Global,Global,Not Reported,,1,0,1,0,0
Species distribution,Biomass Of Deep Sea Floor,,Texas A&M University,TAM-001,0,http://journals.plos.org/plosone/article?id=10.1371/journal.pone.0015323#s5,,Global,Global,Not Reported,,1,0,0,1,0
Administration,Global Distribution of Biological Field Stations,,Freie Universität Berlin (FU),UniFreBer-001,0,http://data.freshwaterbiodiversity.eu/tools,,Global,Global,Not Reported,,1,0,0,0,0
Protected areas and areas of biodiversity importance,Marine Protection Atlas (MPAtlas),,Marine Conservation Institute,MCI-001,0,http://www.mpatlas.org/data/download/,,Global,Global,Not Reported,,1,0,0,0,0
Ecological status and impact,World Register of Introduced Marine Species (WRIMS),,Flanders Marine Institute,VLIZ-008,0,http://www.marinespecies.org/introduced/online_sources.php,,Global,Global,Not Reported,,0,0,1,1,0
Ecological status and impact,LITTERBASE Online Portal for Marine Litter,1.0,"Alfred Wegener Institute, Helmholtz Center for Polar and Marine Research",AWI-002,1,http://litterbase.awi.de/litter,,Global,Global,Not Reported,Not reported.,0,1,1,0,0
Ecological status and impact,Live Global Ship Tracking-AIS Marine Traffic,,Exmile Solutions Limited,ESL-001,0,http://www.marinetraffic.com/en/ais/home/centerx:25.0/centery:37.0/zoom:10,,Global,Global,Not Reported,,1,0,1,0,0
Ecological status and impact,Maritime Portal: Sea-web and AISLive Ship Tracking Intelligence,,IHS Markit,IHS-001,0,https://www.ihs.com/products/maritime-ship-tracker-ais-live-ship-data-seaweb.html,,Global,Global,Not Reported,,1,0,1,0,0
Biogenic habitat,Kelp Ecosystem Ecology Network (KEEN),,University of Massachusetts Boston,UMASS-001,0,http://www.kelpecosystems.org/,,Global,Global,Not Reported,,0,0,0,1,1
Ecological status and impact,ShipMap,1.0 (2012),University College London Energy Institute,UCL-001,1,https://www.shipmap.org/,,Global,Global,Not Reported,Not reported.,1,1,0,1,0
Biodiversity-related data portal,African Coastal and Marine Atlas,,Intergovernmental Oceanographic Commission of UNESCO,IOC-002,0,http://www.africanmarineatlas.org/,,Regional,Eastern Africa; West and Central Africa- WACAF,Not Reported,,1,1,1,1,1
Ecological status and impact,A Global Map of Human Impacts to Marine Ecosystems (2008),2008,"National Centre for Ecological Analysis and Synthesis, University of California",NCEAS-001,0,https://www.nceas.ucsb.edu/globalmarine,,Global,Global,Specific Terms of Use,,0,0,1,0,0
Administration,Global Maritime Boundaries Database (GMBD) (2008),,"General Dynamics Advanced Information Systems, Inc.",GMBD-001,0,http://www.globalgisdata.com/10974.html,,Global,Global,Specific Terms of Use,,1,0,0,0,0
Ecological status and impact,Fishing Gear Associated With Global Marine Catches,2008,"Sea Around Us, University of British Columbia",UBC-008,0,http://dx.doi.org/10.1016/j.fishres.2006.01.010,,Global,Global,CC BY-NC 4.0,,0,1,1,0,0
Ecological status and impact,Global Fishing Watch,Daily updates,Global Fishing Watch,GFW-001,1,http://globalfishingwatch.org/data,,Global,Global,CC BY-SA 4.0,"For full 'terms of use', please visit: https://globalfishingwatch.org/terms-of-use/",0,1,1,0,0
Protected areas and areas of biodiversity importance,Global Distribution of Important Marine Mammal Areas (IMMAs),January 2017,Marine Mammal Protected Areas Task Force,IUCN-003,0,https://www.marinemammalhabitat.org/imma-eatlas/,,Global,Global,Specific Terms of Use,,1,0,1,0,0
Species distribution,SponGIS,,University of Bergen,UniBer-001,0,http://spongis.org/,,Regional,North-East Atlantic,CC0 1.0,,0,1,0,1,1
Biogeographic classification,Longhurst Biogeographical Provinces (2006),,Flanders Marine Institute,VLIZ-007,1,http://www.marineregions.org,,Global,Global,CC BY-NC-SA 4.0,"The data can be used for educational, scientific or research purposes but should not be used for legal, commercial/economical (exploration of natural resources), military or navigational purposes.Anyone can download this data but it is for the sole use of the organization or individual downloading the data. The geodata may not be redistributed without the permission of the Flanders Marine Institute (VLIZ).

The geodata may be used in a Value-Added Software Application (like web services), on condition that the Flanders Marine Institute is acknowledged as the source of the data. Redistribution rights are granted for hard-copy renditions or static, electronic map images (e.g., jpeg, gif, etc.) that are plotted, printed or publicly displayed with reference to the Flanders Marine Institute.

For redistribution rights of derived products, please contact us at info@marineregions.org",1,0,0,0,0
Administration,Marine Regions Data Portal,,Flanders Marine Institute,VLIZ-003,1,http://www.marineregions.org,,Global,Global,CC BY-NC-SA 4.0,None.,1,0,0,0,0
